time,ex,Y,w_0.5%,w_2.5%,w_5%,w_10%,w_15%,w_20%,w_25%,w_30%,w_35%,w_40%,w_50%,w_60%,w_65%,w_70%,w_75%,w_80%,w_85%,w_90%,w_95%,w_97.5%,w_99.5%,alpha_0.5%,alpha_2.5%,alpha_5%,alpha_10%,alpha_15%,alpha_20%,alpha_25%,alpha_30%,alpha_35%,alpha_40%,alpha_50%,alpha_60%,alpha_65%,alpha_70%,alpha_75%,alpha_80%,alpha_85%,alpha_90%,alpha_95%,alpha_97.5%,alpha_99.5%,b_ex_0.5%,b_ex_2.5%,b_ex_5%,b_ex_10%,b_ex_15%,b_ex_20%,b_ex_25%,b_ex_30%,b_ex_35%,b_ex_40%,b_ex_50%,b_ex_60%,b_ex_65%,b_ex_70%,b_ex_75%,b_ex_80%,b_ex_85%,b_ex_90%,b_ex_95%,b_ex_97.5%,b_ex_99.5%
-28,0,0.163222589999998,-0.168958185,-0.120238,-0.07690454,-0.03911327,-0.012263775,0.00943781600000001,0.02763645,0.04282527,0.058691425,0.07224992,0.100219,0.1304388,0.14338605,0.157473,0.17458475,0.193432,0.2156258,0.2415708,0.2811887,0.3152356,0.39065968,-0.168958185,-0.120238,-0.07690454,-0.03911327,-0.012263775,0.00943781600000001,0.02763645,0.04282527,0.058691425,0.07224992,0.100219,0.1304388,0.14338605,0.157473,0.17458475,0.193432,0.2156258,0.2415708,0.2811887,0.3152356,0.39065968,,,,,,,,,,,,,,,,,,,,,
-27,0,-0.37987871,-0.523120195,-0.4529177,-0.4168567,-0.3740551,-0.35025085,-0.32745,-0.307358,-0.2927308,-0.2792929,-0.2641306,-0.2361695,-0.2070428,-0.19324645,-0.1777388,-0.1616845,-0.141954,-0.12176765,-0.09392272,-0.05693328,-0.024979895,0.0339161060000001,-0.523120195,-0.4529177,-0.4168567,-0.3740551,-0.35025085,-0.32745,-0.307358,-0.2927308,-0.2792929,-0.2641306,-0.2361695,-0.2070428,-0.19324645,-0.1777388,-0.1616845,-0.141954,-0.12176765,-0.09392272,-0.05693328,-0.024979895,0.0339161060000001,,,,,,,,,,,,,,,,,,,,,
-26,0,0.0802828700000013,-0.21999749,-0.16161465,-0.129541,-0.09742496,-0.068566245,-0.04616268,-0.02910575,-0.01203876,0.00336104099999998,0.01751438,0.0482262,0.07631202,0.091556515,0.1063711,0.1229655,0.1440024,0.16644595,0.1929351,0.2289475,0.258876425,0.33400725,-0.21999749,-0.16161465,-0.129541,-0.09742496,-0.068566245,-0.04616268,-0.02910575,-0.01203876,0.00336104099999998,0.01751438,0.0482262,0.07631202,0.091556515,0.1063711,0.1229655,0.1440024,0.16644595,0.1929351,0.2289475,0.258876425,0.33400725,,,,,,,,,,,,,,,,,,,,,
-25,0,0.19010411,-0.155918,-0.09323055,-0.05665745,-0.0189153,0.0048924965,0.02735656,0.045599575,0.06141409,0.07575638,0.08877384,0.116211,0.1440194,0.1593841,0.1744237,0.1888275,0.2069996,0.2281222,0.2558323,0.29868315,0.3280766,0.390764305,-0.155918,-0.09323055,-0.05665745,-0.0189153,0.0048924965,0.02735656,0.045599575,0.06141409,0.07575638,0.08877384,0.116211,0.1440194,0.1593841,0.1744237,0.1888275,0.2069996,0.2281222,0.2558323,0.29868315,0.3280766,0.390764305,,,,,,,,,,,,,,,,,,,,,
-24,0,0.198096249999999,-0.139960895,-0.0845957775,-0.05214552,-0.01500589,0.01072525,0.03188724,0.0503219,0.0650412,0.080884895,0.09361844,0.1229395,0.1493648,0.1640386,0.1796481,0.19466275,0.2103406,0.23181595,0.2608368,0.302349,0.332755125,0.39734339,-0.139960895,-0.0845957775,-0.05214552,-0.01500589,0.01072525,0.03188724,0.0503219,0.0650412,0.080884895,0.09361844,0.1229395,0.1493648,0.1640386,0.1796481,0.19466275,0.2103406,0.23181595,0.2608368,0.302349,0.332755125,0.39734339,,,,,,,,,,,,,,,,,,,,,
-23,0,-0.437360179999999,-0.55972965,-0.486932975,-0.45022975,-0.412411,-0.3868038,-0.3652366,-0.34529175,-0.3273205,-0.311238,-0.296719,-0.266633,-0.2387254,-0.22394675,-0.2098313,-0.19407725,-0.1752936,-0.1569195,-0.1295724,-0.09360104,-0.064085415,-0.00479147234999989,-0.55972965,-0.486932975,-0.45022975,-0.412411,-0.3868038,-0.3652366,-0.34529175,-0.3273205,-0.311238,-0.296719,-0.266633,-0.2387254,-0.22394675,-0.2098313,-0.19407725,-0.1752936,-0.1569195,-0.1295724,-0.09360104,-0.064085415,-0.00479147234999989,,,,,,,,,,,,,,,,,,,,,
-22,0,-0.250633840000001,-0.44467699,-0.37398845,-0.33966205,-0.2935959,-0.26387305,-0.2450796,-0.22619625,-0.2097254,-0.19361815,-0.178801,-0.1517695,-0.1250938,-0.1115579,-0.0950838,-0.07870205,-0.0604254,-0.039043025,-0.01095591,0.0289594599999998,0.0583471225,0.11694652,-0.44467699,-0.37398845,-0.33966205,-0.2935959,-0.26387305,-0.2450796,-0.22619625,-0.2097254,-0.19361815,-0.178801,-0.1517695,-0.1250938,-0.1115579,-0.0950838,-0.07870205,-0.0604254,-0.039043025,-0.01095591,0.0289594599999998,0.0583471225,0.11694652,,,,,,,,,,,,,,,,,,,,,
-21,0,-0.0500589100000006,-0.30980418,-0.2442271,-0.21081095,-0.1718587,-0.14366995,-0.1212852,-0.10297925,-0.08706373,-0.074249525,-0.0607087,-0.03329545,-0.006007682,0.0069287395,0.02191267,0.03968465,0.05645114,0.0768967,0.1042538,0.14184475,0.172123475,0.2386304,-0.30980418,-0.2442271,-0.21081095,-0.1718587,-0.14366995,-0.1212852,-0.10297925,-0.08706373,-0.074249525,-0.0607087,-0.03329545,-0.006007682,0.0069287395,0.02191267,0.03968465,0.05645114,0.0768967,0.1042538,0.14184475,0.172123475,0.2386304,,,,,,,,,,,,,,,,,,,,,
-20,0,-0.0846570799999995,-0.334199615,-0.259825825,-0.22214085,-0.1879073,-0.1624269,-0.1422926,-0.12348925,-0.1084286,-0.09273082,-0.07806112,-0.05209595,-0.02386878,-0.0086777035,0.00825158299999999,0.02664415,0.04512706,0.063289665,0.08742453,0.1258178,0.1602925,0.22219417,-0.334199615,-0.259825825,-0.22214085,-0.1879073,-0.1624269,-0.1422926,-0.12348925,-0.1084286,-0.09273082,-0.07806112,-0.05209595,-0.02386878,-0.0086777035,0.00825158299999999,0.02664415,0.04512706,0.063289665,0.08742453,0.1258178,0.1602925,0.22219417,,,,,,,,,,,,,,,,,,,,,
-19,0,-0.291721040000001,-0.479962985,-0.396182225,-0.36009015,-0.3181482,-0.29227805,-0.2697976,-0.250989,-0.2347779,-0.21961925,-0.205029,-0.1778985,-0.1524246,-0.1391629,-0.123614,-0.109861,-0.09090964,-0.070031805,-0.0450685300000001,0.000776225849999857,0.0368932175,0.0987260015000006,-0.479962985,-0.396182225,-0.36009015,-0.3181482,-0.29227805,-0.2697976,-0.250989,-0.2347779,-0.21961925,-0.205029,-0.1778985,-0.1524246,-0.1391629,-0.123614,-0.109861,-0.09090964,-0.070031805,-0.0450685300000001,0.000776225849999857,0.0368932175,0.0987260015000006,,,,,,,,,,,,,,,,,,,,,
-18,0,-0.0649488499999986,-0.31163367,-0.2519284,-0.21709835,-0.1805768,-0.1530478,-0.1328648,-0.11637375,-0.09841773,-0.083477845,-0.06956556,-0.0433495,-0.01348696,-0.000535266300000001,0.01449948,0.0311404,0.04872888,0.070420725,0.09973385,0.1379115,0.16971575,0.234427265000001,-0.31163367,-0.2519284,-0.21709835,-0.1805768,-0.1530478,-0.1328648,-0.11637375,-0.09841773,-0.083477845,-0.06956556,-0.0433495,-0.01348696,-0.000535266300000001,0.01449948,0.0311404,0.04872888,0.070420725,0.09973385,0.1379115,0.16971575,0.234427265000001,,,,,,,,,,,,,,,,,,,,,
-17,0,-0.262484130000001,-0.434275255,-0.3742565,-0.34137535,-0.3022828,-0.27417195,-0.2534648,-0.23567175,-0.2196659,-0.20548015,-0.1910858,-0.1648795,-0.1374672,-0.12296945,-0.1075692,-0.089842925,-0.07180788,-0.049134005,-0.01991628,0.019436095,0.0501510625,0.109644095,-0.434275255,-0.3742565,-0.34137535,-0.3022828,-0.27417195,-0.2534648,-0.23567175,-0.2196659,-0.20548015,-0.1910858,-0.1648795,-0.1374672,-0.12296945,-0.1075692,-0.089842925,-0.07180788,-0.049134005,-0.01991628,0.019436095,0.0501510625,0.109644095,,,,,,,,,,,,,,,,,,,,,
-16,0,0.0358012300000006,-0.252616705,-0.194079725,-0.15460015,-0.1118428,-0.08548339,-0.0634163,-0.046517525,-0.0309114,-0.01644063,-0.003607466,0.0237521,0.051296,0.065739345,0.07888626,0.09349255,0.1124428,0.13340845,0.1583995,0.20058875,0.23615695,0.28880346,-0.252616705,-0.194079725,-0.15460015,-0.1118428,-0.08548339,-0.0634163,-0.046517525,-0.0309114,-0.01644063,-0.003607466,0.0237521,0.051296,0.065739345,0.07888626,0.09349255,0.1124428,0.13340845,0.1583995,0.20058875,0.23615695,0.28880346,,,,,,,,,,,,,,,,,,,,,
-15,0,0.291631749999999,-0.10542756,-0.033834445,0.000210003100000002,0.03729604,0.06212503,0.08339046,0.10294525,0.1213568,0.13747085,0.1497824,0.1784585,0.2077028,0.2218161,0.2376818,0.25549875,0.2749388,0.2949183,0.3243621,0.3656991,0.4039225,0.46917908,-0.10542756,-0.033834445,0.000210003100000002,0.03729604,0.06212503,0.08339046,0.10294525,0.1213568,0.13747085,0.1497824,0.1784585,0.2077028,0.2218161,0.2376818,0.25549875,0.2749388,0.2949183,0.3243621,0.3656991,0.4039225,0.46917908,,,,,,,,,,,,,,,,,,,,,
-14,0,0.291721040000001,-0.0833985815,-0.02597163,0.00667641800000001,0.04243372,0.069079005,0.09081202,0.109413,0.1257893,0.1391539,0.1534374,0.180663,0.2077864,0.22224975,0.2401283,0.2547745,0.2753236,0.29819245,0.3285353,0.36678885,0.4025107,0.493769165,-0.0833985815,-0.02597163,0.00667641800000001,0.04243372,0.069079005,0.09081202,0.109413,0.1257893,0.1391539,0.1534374,0.180663,0.2077864,0.22224975,0.2401283,0.2547745,0.2753236,0.29819245,0.3285353,0.36678885,0.4025107,0.493769165,,,,,,,,,,,,,,,,,,,,,
-13,0,0,-0.27519553,-0.215203425,-0.1769718,-0.1380013,-0.11431065,-0.09392748,-0.076650525,-0.05987126,-0.044438025,-0.02860228,0.001433925,0.0282968,0.041896795,0.0575700599999999,0.073070225,0.0914577,0.1145456,0.1435796,0.18660635,0.223969375,0.289999195,-0.27519553,-0.215203425,-0.1769718,-0.1380013,-0.11431065,-0.09392748,-0.076650525,-0.05987126,-0.044438025,-0.02860228,0.001433925,0.0282968,0.041896795,0.0575700599999999,0.073070225,0.0914577,0.1145456,0.1435796,0.18660635,0.223969375,0.289999195,,,,,,,,,,,,,,,,,,,,,
-12,0,0.257895960000001,-0.124326805,-0.0529246125,-0.01825599,0.01845849,0.044089165,0.0676954,0.085393775,0.1015144,0.11578685,0.1291772,0.155887,0.1841942,0.1968772,0.212258,0.227475,0.2465888,0.2678318,0.2969018,0.3386004,0.376543325,0.45382617,-0.124326805,-0.0529246125,-0.01825599,0.01845849,0.044089165,0.0676954,0.085393775,0.1015144,0.11578685,0.1291772,0.155887,0.1841942,0.1968772,0.212258,0.227475,0.2465888,0.2678318,0.2969018,0.3386004,0.376543325,0.45382617,,,,,,,,,,,,,,,,,,,,,
-11,0,-0.0523046900000015,-0.32073083,-0.2530519,-0.21787995,-0.1765749,-0.1503167,-0.1293736,-0.109116,-0.09194018,-0.076796615,-0.06258118,-0.0352248,-0.007825988,0.007411413,0.02311501,0.038259325,0.05613992,0.07956159,0.1046427,0.14373785,0.17988725,0.240998405,-0.32073083,-0.2530519,-0.21787995,-0.1765749,-0.1503167,-0.1293736,-0.109116,-0.09194018,-0.076796615,-0.06258118,-0.0352248,-0.007825988,0.007411413,0.02311501,0.038259325,0.05613992,0.07956159,0.1046427,0.14373785,0.17988725,0.240998405,,,,,,,,,,,,,,,,,,,,,
-10,0,0.275358050000001,-0.118733355,-0.04257699,-0.00738843599999999,0.03494367,0.061353315,0.0831723,0.10135925,0.1169413,0.13218925,0.144641,0.1725575,0.2002156,0.2145565,0.2296752,0.24795925,0.2642204,0.28557715,0.3123443,0.35401465,0.387625875,0.461529125,-0.118733355,-0.04257699,-0.00738843599999999,0.03494367,0.061353315,0.0831723,0.10135925,0.1169413,0.13218925,0.144641,0.1725575,0.2002156,0.2145565,0.2296752,0.24795925,0.2642204,0.28557715,0.3123443,0.35401465,0.387625875,0.461529125,,,,,,,,,,,,,,,,,,,,,
-9,0,-0.0206239799999999,-0.288895875,-0.226497375,-0.1897932,-0.1512325,-0.12352205,-0.101448,-0.08428795,-0.06862043,-0.05269031,-0.03784564,-0.01167945,0.0165238,0.03052122,0.04506091,0.06066,0.0801812,0.1029785,0.1291332,0.16963445,0.200960625,0.268058395,-0.288895875,-0.226497375,-0.1897932,-0.1512325,-0.12352205,-0.101448,-0.08428795,-0.06862043,-0.05269031,-0.03784564,-0.01167945,0.0165238,0.03052122,0.04506091,0.06066,0.0801812,0.1029785,0.1291332,0.16963445,0.200960625,0.268058395,,,,,,,,,,,,,,,,,,,,,
-8,0,0,-0.29417256,-0.20805085,-0.1733626,-0.136388,-0.11107605,-0.0908789,-0.07050775,-0.05383607,-0.039550685,-0.02559318,0.0029167,0.03013168,0.043335955,0.06070114,0.077146725,0.09521922,0.1140841,0.1419261,0.180995,0.2207081,0.28250221,-0.29417256,-0.20805085,-0.1733626,-0.136388,-0.11107605,-0.0908789,-0.07050775,-0.05383607,-0.039550685,-0.02559318,0.0029167,0.03013168,0.043335955,0.06070114,0.077146725,0.09521922,0.1140841,0.1419261,0.180995,0.2207081,0.28250221,,,,,,,,,,,,,,,,,,,,,
-7,0,0.0386492000000001,-0.258382845,-0.190172725,-0.153781,-0.1121,-0.0844348,-0.0646598,-0.047184375,-0.03343734,-0.01835719,-0.00408683999999999,0.0219346,0.0489316,0.063415875,0.0784073,0.094091525,0.1101328,0.1339519,0.156969,0.1941773,0.22933955,0.303153875,-0.258382845,-0.190172725,-0.153781,-0.1121,-0.0844348,-0.0646598,-0.047184375,-0.03343734,-0.01835719,-0.00408683999999999,0.0219346,0.0489316,0.063415875,0.0784073,0.094091525,0.1101328,0.1339519,0.156969,0.1941773,0.22933955,0.303153875,,,,,,,,,,,,,,,,,,,,,
-6,0,0.275692899999999,-0.113577745,-0.04264739,-0.010544665,0.03230628,0.057339155,0.07626824,0.09527035,0.1125048,0.1285496,0.1435202,0.1699955,0.196527,0.2111558,0.2283487,0.24600575,0.2634306,0.28407255,0.3084422,0.3469013,0.392043975,0.45325405,-0.113577745,-0.04264739,-0.010544665,0.03230628,0.057339155,0.07626824,0.09527035,0.1125048,0.1285496,0.1435202,0.1699955,0.196527,0.2111558,0.2283487,0.24600575,0.2634306,0.28407255,0.3084422,0.3469013,0.392043975,0.45325405,,,,,,,,,,,,,,,,,,,,,
-5,0,-0.0126652600000003,-0.284007315,-0.23070515,-0.18557685,-0.1470317,-0.1198723,-0.09904588,-0.079210775,-0.06358103,-0.048637005,-0.03556178,-0.009213465,0.01933828,0.033480665,0.04808854,0.0651473,0.08185278,0.10415485,0.1324558,0.17541865,0.210068825,0.28200553,-0.284007315,-0.23070515,-0.18557685,-0.1470317,-0.1198723,-0.09904588,-0.079210775,-0.06358103,-0.048637005,-0.03556178,-0.009213465,0.01933828,0.033480665,0.04808854,0.0651473,0.08185278,0.10415485,0.1324558,0.17541865,0.210068825,0.28200553,,,,,,,,,,,,,,,,,,,,,
-4,0,-0.263027639999999,-0.462302235,-0.38112945,-0.3493658,-0.3102818,-0.27831585,-0.2550718,-0.235103,-0.2189718,-0.2043803,-0.1888538,-0.162888,-0.1365664,-0.12306555,-0.1068818,-0.090402525,-0.07422584,-0.054605135,-0.02558286,0.0145314099999999,0.049548535,0.11572556,-0.462302235,-0.38112945,-0.3493658,-0.3102818,-0.27831585,-0.2550718,-0.235103,-0.2189718,-0.2043803,-0.1888538,-0.162888,-0.1365664,-0.12306555,-0.1068818,-0.090402525,-0.07422584,-0.054605135,-0.02558286,0.0145314099999999,0.049548535,0.11572556,,,,,,,,,,,,,,,,,,,,,
-3,0,-0.311729100000001,-0.473007,-0.402539725,-0.36748785,-0.3275427,-0.3020306,-0.283166,-0.26493075,-0.2496061,-0.23507935,-0.219671,-0.191574,-0.1638482,-0.148074,-0.1364558,-0.119868,-0.104407,-0.083353225,-0.05769112,-0.0148163100000001,0.0141323225,0.0817697095000004,-0.473007,-0.402539725,-0.36748785,-0.3275427,-0.3020306,-0.283166,-0.26493075,-0.2496061,-0.23507935,-0.219671,-0.191574,-0.1638482,-0.148074,-0.1364558,-0.119868,-0.104407,-0.083353225,-0.05769112,-0.0148163100000001,0.0141323225,0.0817697095000004,,,,,,,,,,,,,,,,,,,,,
-2,0,0.293703880000001,-0.096803522,-0.035936915,-0.000118019794999988,0.03767046,0.0661534,0.08805878,0.10764275,0.1246693,0.1379586,0.1517418,0.1800375,0.2083812,0.22342365,0.2396811,0.25523275,0.2751876,0.2985225,0.3246098,0.3618087,0.39892275,0.47750066,-0.096803522,-0.035936915,-0.000118019794999988,0.03767046,0.0661534,0.08805878,0.10764275,0.1246693,0.1379586,0.1517418,0.1800375,0.2083812,0.22342365,0.2396811,0.25523275,0.2751876,0.2985225,0.3246098,0.3618087,0.39892275,0.47750066,,,,,,,,,,,,,,,,,,,,,
-1,0,0.0180252200000002,-0.25950218,-0.197525125,-0.1642595,-0.1260136,-0.09838301,-0.0795264,-0.060657275,-0.04506886,-0.02963993,-0.01703856,0.0105258,0.03972882,0.05383629,0.06935765,0.0849444,0.1034238,0.1241065,0.1511683,0.18943225,0.223834925,0.29191724,-0.25950218,-0.197525125,-0.1642595,-0.1260136,-0.09838301,-0.0795264,-0.060657275,-0.04506886,-0.02963993,-0.01703856,0.0105258,0.03972882,0.05383629,0.06935765,0.0849444,0.1034238,0.1241065,0.1511683,0.18943225,0.223834925,0.29191724,,,,,,,,,,,,,,,,,,,,,
0,0,-0.605417970000001,-0.68637935,-0.5990438,-0.56089425,-0.5184515,-0.49213425,-0.4699438,-0.452459,-0.4357276,-0.4205045,-0.4047764,-0.375633,-0.3452996,-0.3303443,-0.3168988,-0.2988355,-0.282374,-0.26326865,-0.2369916,-0.1995564,-0.1714583,-0.0985999055,-0.68637935,-0.5990438,-0.56089425,-0.5184515,-0.49213425,-0.4699438,-0.452459,-0.4357276,-0.4205045,-0.4047764,-0.375633,-0.3452996,-0.3303443,-0.3168988,-0.2988355,-0.282374,-0.26326865,-0.2369916,-0.1995564,-0.1714583,-0.0985999055,,,,,,,,,,,,,,,,,,,,,
1,1,-0.307274439999999,-0.462303525,-0.393478075,-0.3588412,-0.3209033,-0.29284405,-0.2684318,-0.24989825,-0.2341565,-0.2173159,-0.2027048,-0.1767095,-0.1494222,-0.13287185,-0.1164253,-0.099498125,-0.08041122,-0.05867428,-0.03319504,0.00963071099999989,0.043314135,0.116460705,-0.48055359,-0.416863825,-0.37513285,-0.33784,-0.3105275,-0.287569,-0.2692495,-0.252897,-0.2396618,-0.2251564,-0.197764,-0.1720714,-0.15626805,-0.1416915,-0.12501025,-0.1051096,-0.083960625,-0.05805747,-0.022848495,0.0113636550000002,0.0702295005000002,-0.16167648,-0.11706065,-0.094400345,-0.07563833,-0.0628259,-0.05418212,-0.0467659,-0.03999502,-0.033785585,-0.02885288,-0.01912895,-0.01028896,-0.0058408645,-0.00108435400000001,0.004388415,0.009755054,0.017044885,0.02724423,0.04292429,0.05842967,0.0934235185000001
2,1,0.0136014099999997,-0.267515265,-0.199616675,-0.1608901,-0.120076,-0.09359879,-0.07053372,-0.0527844,-0.03654737,-0.0214291,-0.00726434199999999,0.02435715,0.05542086,0.06863536,0.08519091,0.10053125,0.1195024,0.14178805,0.1709534,0.2151319,0.251812225,0.332688735,-0.296171865,-0.21995595,-0.18183895,-0.1434119,-0.1180361,-0.09811676,-0.080095525,-0.06212233,-0.046639785,-0.03289726,-0.006110715,0.0226835,0.038000495,0.05367607,0.070165,0.08872792,0.11092235,0.1391558,0.18005505,0.2219397,0.28477712,-0.184827595,-0.142462875,-0.1189562,-0.09445124,-0.081498135,-0.0701885,-0.0611771,-0.05401447,-0.045913675,-0.0398455,-0.02818445,-0.01532874,-0.0087811125,-0.00237428000000001,0.0054682225,0.01305746,0.02276009,0.03571607,0.056422755,0.0741060425000001,0.13250966
3,1,-0.31583412,-0.472620905,-0.397723225,-0.3664786,-0.3199903,-0.29192485,-0.2671694,-0.2474545,-0.230953,-0.2169074,-0.2022064,-0.1733905,-0.1443132,-0.1271648,-0.1097442,-0.0949862,-0.0762000199999999,-0.0550371,-0.0253573200000001,0.0177344,0.0561245900000001,0.12194984,-0.49674985,-0.434716425,-0.3992164,-0.3574176,-0.32851005,-0.3058192,-0.28516575,-0.2683111,-0.2535243,-0.2388838,-0.2097765,-0.1807546,-0.1646182,-0.1493924,-0.133468,-0.1158968,-0.096042355,-0.06825183,-0.029861735,0.00407012950000001,0.0689603135000002,-0.21287289,-0.165643475,-0.1417391,-0.1142786,-0.097488225,-0.08538946,-0.0759503,-0.06652464,-0.058141505,-0.05022386,-0.03539735,-0.0224452,-0.01556071,-0.00794527000000002,8.493525e-05,0.00984040800000002,0.021231165,0.03584027,0.058084965,0.0745575625,0.11471427
4,1,0.2913432,-0.10279272,-0.021393535,0.010389285,0.0523489,0.078362,0.1011448,0.12047775,0.1375229,0.1537452,0.1690998,0.1987795,0.2299966,0.245507,0.2614089,0.279482,0.2970962,0.3202729,0.3504772,0.39119815,0.429648075,0.4986848,-0.120214945,-0.05181116,-0.019260525,0.0202619,0.046999385,0.06949392,0.089234525,0.1061225,0.12079685,0.1354102,0.165266,0.1942004,0.20886865,0.2251984,0.24199325,0.2606918,0.28349305,0.3098526,0.3513016,0.38898975,0.453912935,-0.21305843,-0.164068875,-0.13842035,-0.1126743,-0.096194305,-0.08460388,-0.074536725,-0.06607732,-0.057447355,-0.04942568,-0.03441215,-0.02041342,-0.011532685,-0.00394848400000002,0.00558622,0.01527086,0.029174795,0.04414155,0.069607725,0.0922044675,0.15246751
5,1,-0.585407500000001,-0.638828525,-0.5670773,-0.53313775,-0.4842631,-0.4556162,-0.433619,-0.41364675,-0.3932075,-0.37532585,-0.3611208,-0.3300395,-0.3013374,-0.2855478,-0.2696726,-0.25097025,-0.2296056,-0.20684695,-0.1765562,-0.13718825,-0.09678688,-0.0205627584999999,-0.681025555,-0.6076733,-0.5698033,-0.5267073,-0.4981358,-0.4761176,-0.4598445,-0.4413802,-0.423409,-0.4069732,-0.377315,-0.3475614,-0.3322406,-0.3167096,-0.2998385,-0.2836188,-0.2634374,-0.2336571,-0.18991445,-0.153920625,-0.0835760164999999,-0.23518857,-0.192686325,-0.1631954,-0.1297467,-0.1142812,-0.101501,-0.0885047,-0.07887038,-0.07010207,-0.06215914,-0.04594655,-0.03129832,-0.02297482,-0.01541111,-0.0054655625,0.00486372400000002,0.017675735,0.03487726,0.059943305,0.08510907,0.130655825
6,1,0.294064300000001,-0.0944122325,-0.0242833075,0.00906608100000001,0.05150377,0.078928625,0.1037876,0.12264925,0.1408843,0.155616,0.1710652,0.1999655,0.233127,0.25003545,0.2669997,0.2831855,0.3031154,0.3242486,0.3578547,0.40552035,0.44547915,0.517140950000001,-0.128884625,-0.0469432675,-0.01467849,0.02352806,0.050402205,0.07282826,0.0929754,0.1108922,0.12605625,0.1410928,0.1696705,0.1986042,0.21197135,0.2285998,0.24543475,0.2636518,0.28605565,0.312535,0.35748595,0.39299375,0.46261236,-0.2111533,-0.16549555,-0.1410853,-0.1176757,-0.1020117,-0.08972986,-0.080153975,-0.0696834,-0.06108276,-0.05294736,-0.03632785,-0.02004024,-0.011514495,-0.002099376,0.009240725,0.02248252,0.036411675,0.05511197,0.08473856,0.1086029,0.1670044
7,1,0.294066279999999,-0.102829635,-0.023726775,0.00940864750000001,0.04564449,0.07730521,0.10020004,0.118332,0.1362809,0.1532385,0.1696616,0.201184,0.2333642,0.2484348,0.2659148,0.28343925,0.3029512,0.32908415,0.3588469,0.3962556,0.436145825,0.504336435,-0.11818586,-0.054541205,-0.01575208,0.0236091,0.04799936,0.06964158,0.086888,0.1035016,0.11956145,0.1347846,0.162348,0.1901986,0.20481165,0.2206493,0.240713,0.260689,0.28561315,0.3130308,0.35716015,0.3943154,0.452843195,-0.22244624,-0.172635025,-0.1489683,-0.1236916,-0.1091972,-0.09512542,-0.083837525,-0.07300414,-0.06523386,-0.05708924,-0.04056665,-0.02399392,-0.0147441,-0.00411664200000002,0.005892455,0.01931548,0.03635267,0.05528103,0.090571245,0.119725425,0.17780118
8,1,0.0217678400000008,-0.242405185,-0.178368775,-0.1401442,-0.09948789,-0.06664019,-0.0455482,-0.029054225,-0.01277001,0.00192202999999999,0.01951722,0.04913675,0.07874416,0.0940418,0.1116583,0.1286965,0.1479952,0.1704186,0.1994853,0.2350789,0.2749767,0.344321595,-0.29131198,-0.21802725,-0.18557345,-0.1458492,-0.1163205,-0.09631616,-0.077759925,-0.06235645,-0.046804225,-0.03280448,-0.004578745,0.0240132,0.038566555,0.0544479,0.070481475,0.09003006,0.1115669,0.1380831,0.1789245,0.213479775,0.28703774,-0.235538025,-0.191015475,-0.1679773,-0.1422584,-0.12545665,-0.1107294,-0.09991645,-0.08839485,-0.079649275,-0.07184358,-0.0557334,-0.0378599,-0.02890506,-0.01900977,-0.008790975,0.00195937000000001,0.01717234,0.03717338,0.06794419,0.0969063275,0.15755293
9,1,-0.27427649,-0.419836275,-0.347762925,-0.31598535,-0.2719528,-0.24370715,-0.2227348,-0.20435425,-0.1869695,-0.17151915,-0.1557378,-0.1257125,-0.09511016,-0.08020049,-0.06499126,-0.045609675,-0.0272785399999999,-0.004948077,0.02381525,0.0696300899999999,0.109481075,0.160633365,-0.48570594,-0.422262575,-0.3860887,-0.345012,-0.3160821,-0.2910372,-0.2717855,-0.2559315,-0.24004145,-0.2263494,-0.196977,-0.1691204,-0.15504155,-0.1406891,-0.12394075,-0.1055524,-0.08167865,-0.05330818,-0.01544305,0.020676925,0.0874066805000001,-0.271276055,-0.20821585,-0.18812815,-0.1631048,-0.1452095,-0.130423,-0.11765925,-0.1073413,-0.099389085,-0.09138332,-0.07529055,-0.05748296,-0.04792914,-0.03882399,-0.028721225,-0.01735148,-0.00418455949999999,0.0142058,0.043359055,0.0674523600000001,0.12245071
10,1,0.0552389299999998,-0.207635955,-0.14038115,-0.10448665,-0.06421772,-0.037490615,-0.01466448,0.0028966925,0.02210466,0.03904744,0.05475684,0.0839434,0.1158276,0.13026355,0.1468076,0.16305575,0.1833204,0.20672735,0.2336902,0.2745629,0.311585025,0.399540005,-0.2993669,-0.2251931,-0.1856833,-0.1412355,-0.11428215,-0.0927708,-0.075078675,-0.0588025,-0.04225561,-0.02895988,-0.0008950285,0.02629778,0.04066454,0.05613705,0.074047625,0.09244996,0.1178686,0.1463846,0.18787035,0.2201748,0.28689341,-0.262489245,-0.223403625,-0.20056255,-0.1749757,-0.15653055,-0.1430574,-0.13153525,-0.1204899,-0.11157655,-0.102478,-0.08534785,-0.06839928,-0.060102105,-0.05032725,-0.040697175,-0.02845828,-0.01368489,0.00379082099999999,0.030618035,0.058823065,0.11343264
11,1,0,-0.234098665,-0.163839775,-0.1278075,-0.08612324,-0.05988569,-0.03655256,-0.014399625,0.003741151,0.0189154,0.03410788,0.06507785,0.09527662,0.110311,0.1270999,0.14486525,0.1622868,0.18512265,0.2140769,0.2560124,0.298842025,0.359858475000001,-0.325397165,-0.249208925,-0.21982205,-0.1815458,-0.1538965,-0.1328904,-0.11145925,-0.09405824,-0.078734695,-0.06269014,-0.03710805,-0.00778895799999999,0.0070262845,0.0222847,0.041490025,0.05758584,0.080728965,0.1088191,0.1506143,0.18269435,0.241290085,-0.29375241,-0.238383775,-0.2154982,-0.1898843,-0.17290555,-0.1588562,-0.14631825,-0.1348592,-0.1253817,-0.1168178,-0.1005365,-0.08457328,-0.075952045,-0.06608416,-0.055612975,-0.04456574,-0.03002605,-0.01076886,0.0158009999999998,0.0423002375,0.1070055
12,1,0,-0.21547343,-0.1541933,-0.11155245,-0.07127552,-0.043804875,-0.02094138,-0.0039005325,0.01258711,0.028218105,0.04311564,0.0718625,0.1030778,0.1180105,0.1356366,0.15104475,0.172724,0.19660535,0.2257864,0.27196815,0.30898615,0.381997875,-0.31952768,-0.26272975,-0.2271606,-0.1871424,-0.1642252,-0.1426716,-0.12391625,-0.1078367,-0.091512255,-0.0771701,-0.0474903,-0.0190613,-0.00374933550000003,0.01434703,0.0313184,0.04828248,0.06804732,0.09739258,0.13850715,0.175336225,0.241728485000001,-0.304333295,-0.259119025,-0.2354004,-0.2116354,-0.19249305,-0.178706,-0.16760375,-0.157182,-0.14665845,-0.1372504,-0.1207065,-0.103112,-0.0950885,-0.08548886,-0.075589825,-0.06533394,-0.051537015,-0.03509774,-0.00963921950000003,0.014875795,0.0692950495000003
13,1,-0.0303573000000004,-0.21801689,-0.1532727,-0.11818885,-0.07668761,-0.047719985,-0.02259606,-0.00086258075,0.01525548,0.03082021,0.04569544,0.075344,0.1028842,0.11758355,0.1341217,0.15291325,0.1728872,0.1947988,0.2254795,0.26899035,0.313735425,0.403013605,-0.35305055,-0.293287375,-0.25803235,-0.2151634,-0.18688685,-0.1656924,-0.14628075,-0.1327988,-0.11914415,-0.1031894,-0.0753452,-0.04805992,-0.034168605,-0.01878879,-0.0028530575,0.0178139,0.040032225,0.06847742,0.11854445,0.156117475,0.220016245,-0.34359859,-0.294555575,-0.27040015,-0.2428712,-0.22301645,-0.2081394,-0.19551625,-0.1852812,-0.1741974,-0.1649312,-0.147523,-0.1293046,-0.1216658,-0.1130066,-0.102138,-0.09147426,-0.077498945,-0.05868854,-0.0361922200000001,-0.0126976625,0.0312251010000001
14,1,-0.29279266,-0.3860912,-0.3048672,-0.2620149,-0.2195524,-0.1905851,-0.1669404,-0.14697325,-0.1317183,-0.11553155,-0.09773134,-0.06738375,-0.03659446,-0.02159699,-0.004413596,0.012337975,0.0341736,0.056006235,0.08490143,0.1317643,0.17054855,0.24758584,-0.524876385,-0.47056085,-0.44075445,-0.3980825,-0.36902355,-0.342875,-0.323637,-0.3079492,-0.29270055,-0.2780884,-0.2502405,-0.2233398,-0.20935105,-0.1916076,-0.1749785,-0.1584566,-0.1369278,-0.1096263,-0.06017905,-0.027169745,0.0431904260000007,-0.4018338,-0.34816885,-0.3161138,-0.2843627,-0.25887605,-0.2432368,-0.23108225,-0.2202056,-0.20882335,-0.1992862,-0.1803735,-0.1615572,-0.15183025,-0.1405546,-0.12986675,-0.1176968,-0.10554555,-0.09164044,-0.0654027250000001,-0.04274007,-0.00721391604999987
15,1,-0.515355679999999,-0.494917035,-0.418514025,-0.3829109,-0.346022,-0.31282665,-0.2908216,-0.27223775,-0.2541626,-0.237293,-0.2189652,-0.1863645,-0.1544598,-0.13996825,-0.1253593,-0.11001175,-0.09051968,-0.06370792,-0.03111194,0.0152048499999999,0.0531853950000001,0.118995555000001,-0.688303075,-0.62482955,-0.58742785,-0.545703,-0.5187433,-0.4955224,-0.47749325,-0.4594518,-0.44187735,-0.426978,-0.3993925,-0.3711252,-0.35581665,-0.3429731,-0.3272165,-0.3061326,-0.28592985,-0.2594536,-0.22209005,-0.187657175,-0.117363855,-0.46234625,-0.3952362,-0.3587224,-0.3187801,-0.29696385,-0.2790608,-0.26327925,-0.2509673,-0.23886695,-0.2281018,-0.208019,-0.1891316,-0.1796766,-0.1681636,-0.1580435,-0.1437566,-0.13172765,-0.1146811,-0.087978525,-0.06881683,-0.022865043
16,1,-0.291219871000001,-0.36776932,-0.27380765,-0.2380271,-0.1945212,-0.16417865,-0.1408352,-0.12146375,-0.1027636,-0.08631475,-0.07005396,-0.0392553,-0.01061826,0.004382156,0.0202328499999999,0.039339375,0.05900138,0.08442688,0.1130042,0.1591852,0.195209675,0.27659204,-0.57355702,-0.4906957,-0.45881585,-0.415271,-0.39075825,-0.3672232,-0.34771225,-0.3300572,-0.31394425,-0.2990444,-0.2696945,-0.2413844,-0.22655225,-0.2102271,-0.1940575,-0.1760656,-0.15137285,-0.1237516,-0.08478651,-0.0448877774999999,0.0336113805000004,-0.481249925,-0.417325025,-0.3787675,-0.3404775,-0.31563945,-0.299369,-0.28408975,-0.2694362,-0.25713005,-0.2447106,-0.2251715,-0.2050272,-0.1935233,-0.1826673,-0.16965475,-0.1578098,-0.14291965,-0.1267579,-0.10022035,-0.0791273075,-0.03714818
17,1,-0.582075647,-0.53866887,-0.452859475,-0.41491375,-0.3699822,-0.33571255,-0.3121112,-0.292123,-0.2739106,-0.25629335,-0.23926,-0.2097295,-0.1779182,-0.16299545,-0.1457684,-0.1291465,-0.1053156,-0.081524355,-0.05195063,-0.00821972250000003,0.026731765,0.106640285,-0.760372745,-0.683794975,-0.6415442,-0.6021124,-0.57116275,-0.5478402,-0.53063825,-0.5127776,-0.49849985,-0.4841116,-0.4563545,-0.42649,-0.4110709,-0.3956917,-0.377069,-0.358204,-0.33603,-0.3073244,-0.2691509,-0.238148675,-0.17224917,-0.520063665,-0.44226165,-0.39997445,-0.3611853,-0.33387795,-0.314364,-0.29948425,-0.2866789,-0.2739201,-0.2617502,-0.239663,-0.2179584,-0.2067372,-0.1950935,-0.183255,-0.1705092,-0.15562845,-0.1370845,-0.11087545,-0.0845447449999999,-0.0478702019999999
18,1,-0.533187634000001,-0.49053313,-0.415829875,-0.3799569,-0.3393441,-0.30711695,-0.2817154,-0.26219025,-0.2436848,-0.2278704,-0.2127504,-0.180387,-0.146188,-0.1286842,-0.1123738,-0.0933078,-0.07257682,-0.04804954,-0.0183278900000001,0.0339459699999999,0.0704165675000001,0.142803145,-0.72144038,-0.646944025,-0.6119175,-0.5710552,-0.5430059,-0.519831,-0.50018225,-0.4834998,-0.46664145,-0.4510326,-0.422915,-0.3950068,-0.38043735,-0.3637624,-0.3458305,-0.325925,-0.30629965,-0.2775681,-0.2421056,-0.20504165,-0.144180065,-0.486192815,-0.431327625,-0.39764855,-0.3623021,-0.3345668,-0.3157586,-0.29907975,-0.2855016,-0.2724382,-0.2613298,-0.2419645,-0.2211822,-0.2107635,-0.1992083,-0.18709075,-0.1743616,-0.1587987,-0.1378003,-0.10883565,-0.09055502,-0.048173132
19,1,-0.338894325999998,-0.371180415,-0.299105325,-0.2614064,-0.2143583,-0.18444985,-0.1602608,-0.14158525,-0.1253478,-0.11003715,-0.0924533,-0.06483435,-0.03400438,-0.01889527,-0.00353865100000001,0.014718875,0.03542438,0.05786125,0.0860399,0.1309541,0.173274675,0.244417935,-0.58020605,-0.51517375,-0.4822221,-0.4413156,-0.4107989,-0.3894348,-0.371387,-0.3568028,-0.3413585,-0.3270956,-0.299019,-0.2709706,-0.25456265,-0.2375479,-0.22003475,-0.202112,-0.1830856,-0.1572727,-0.1192774,-0.0850774574999999,-0.0245002869999999,-0.476406615,-0.407784525,-0.3769258,-0.33949,-0.315482,-0.2977818,-0.28429275,-0.2722306,-0.26144455,-0.2504938,-0.2319435,-0.2121482,-0.20064535,-0.1890637,-0.17747225,-0.1644232,-0.15004525,-0.1327312,-0.10719295,-0.0864107825,-0.0497295509999999
20,1,-0.0429800580000013,-0.18172266,-0.1188854,-0.083254495,-0.04371446,-0.01261436,0.01055372,0.0321855,0.04773485,0.06311616,0.07804124,0.109127,0.1381994,0.15419085,0.1694982,0.186925,0.2058986,0.23023315,0.2578835,0.30431655,0.34318035,0.42365896,-0.397913675,-0.32891685,-0.296179,-0.2509046,-0.2252439,-0.2039062,-0.1848285,-0.1697267,-0.1532138,-0.1393156,-0.1116655,-0.08297116,-0.06642074,-0.0495379,-0.034003175,-0.01263286,0.00854707100000001,0.03671154,0.080534525,0.11450175,0.187064395,-0.433126285,-0.37785655,-0.349887,-0.3176793,-0.29771045,-0.2804946,-0.26720375,-0.2552434,-0.2448402,-0.2335126,-0.2157855,-0.19671,-0.18631385,-0.1760029,-0.1642845,-0.1533628,-0.1410098,-0.1233973,-0.097670865,-0.0796610025,-0.0439567279999996
21,1,-0.291358803,-0.36005865,-0.2875228,-0.24866745,-0.2031734,-0.1728617,-0.1501752,-0.12996775,-0.1109161,-0.09443949,-0.07796632,-0.04938955,-0.01980528,-0.00463774200000001,0.01387743,0.031065725,0.05097256,0.073877675,0.1019631,0.1469027,0.184100025,0.26190942,-0.567020465,-0.475755425,-0.44275875,-0.4054956,-0.37919765,-0.357821,-0.33693875,-0.3183793,-0.30333175,-0.288666,-0.2598695,-0.2318546,-0.2195959,-0.2041094,-0.18756625,-0.1688636,-0.1452238,-0.1205259,-0.0773030000000001,-0.0424471599999999,0.0274592690000001,-0.425549885,-0.372073325,-0.3383128,-0.3078707,-0.28873545,-0.2737312,-0.26031125,-0.2484205,-0.23750675,-0.228433,-0.210706,-0.1912812,-0.1813789,-0.1719194,-0.16110725,-0.1483,-0.1347131,-0.1189622,-0.093538185,-0.07205116,-0.0291785829999999
22,1,-0.2462497,-0.338210255,-0.255477175,-0.2236143,-0.1754963,-0.14602885,-0.1231754,-0.10460275,-0.08858615,-0.07364086,-0.05812476,-0.0300932,0.000922632200000004,0.017340055,0.03349722,0.0510212,0.07114356,0.091165375,0.1165745,0.16194865,0.199179275,0.284736580000001,-0.52944134,-0.448600725,-0.41691185,-0.3731867,-0.345418,-0.32295,-0.30480475,-0.2879097,-0.27255065,-0.2579248,-0.2292345,-0.2017252,-0.1864042,-0.1708478,-0.153736,-0.1357536,-0.11474365,-0.08726056,-0.0447284200000002,-0.0108862699999999,0.052330356,-0.405648175,-0.35030015,-0.32689575,-0.2950447,-0.2761727,-0.2614956,-0.24940975,-0.2369962,-0.2279489,-0.2190418,-0.2013315,-0.181588,-0.1722833,-0.162436,-0.1513775,-0.1376122,-0.1231984,-0.1061276,-0.0840118,-0.066721285,-0.0314172824999999
23,1,0,-0.19764644,-0.1127261,-0.07706343,-0.03729101,-0.004682451,0.0174889,0.0370297,0.05474192,0.070520955,0.08806828,0.1186645,0.1490538,0.16744535,0.1840162,0.20234875,0.2229078,0.2443704,0.2708313,0.3102132,0.348094475,0.413209915,-0.37782844,-0.298742175,-0.2573174,-0.2136114,-0.1860847,-0.1661962,-0.14577775,-0.1301086,-0.11340095,-0.09876368,-0.0709533,-0.042215,-0.02786024,-0.01227704,0.0053596225,0.02440424,0.04578082,0.07232148,0.1137052,0.151944,0.2214325,-0.373335035,-0.33202845,-0.3068798,-0.2817356,-0.26505265,-0.249907,-0.23802925,-0.2274865,-0.2164351,-0.2072902,-0.190212,-0.1713052,-0.16085885,-0.1508228,-0.14082,-0.1289916,-0.11295755,-0.096158,-0.0727295,-0.052720345,-0.0129571075
24,1,0.340740513,0.0092678978,0.090080425,0.12951685,0.1702154,0.20126245,0.225171,0.24401925,0.2606473,0.2765542,0.2935712,0.3254195,0.354526,0.3705097,0.3879615,0.4067955,0.4295828,0.4508732,0.4799674,0.5259572,0.567569175,0.65839762,-0.14877903,-0.07797885,-0.046890325,-0.008483487,0.01603343,0.0374503,0.057144875,0.07616804,0.09214502,0.108739,0.137906,0.1670366,0.18339445,0.197035,0.214169,0.2338596,0.25742395,0.2855978,0.33209705,0.36523775,0.438330455,-0.37407966,-0.328536225,-0.3060895,-0.279259,-0.26186655,-0.2465108,-0.235432,-0.225597,-0.21481875,-0.2056658,-0.187607,-0.1697154,-0.15896305,-0.1480581,-0.138662,-0.1266944,-0.1127819,-0.09518475,-0.0709118700000001,-0.046192595,0.00638170880000003
25,1,-0.340740513,-0.382725925,-0.318082,-0.27691245,-0.22874,-0.2008186,-0.1788928,-0.16013575,-0.143354,-0.12737695,-0.1119,-0.0799074,-0.04946276,-0.03594554,-0.01902409,-0.0029114525,0.0187159,0.04104696,0.06898196,0.1159531,0.15499445,0.238007015,-0.583000235,-0.511146625,-0.47558125,-0.4341409,-0.4047743,-0.3844674,-0.3663315,-0.3489303,-0.33307425,-0.318618,-0.2877425,-0.259962,-0.2458163,-0.2309837,-0.2150795,-0.1969146,-0.17558145,-0.1464765,-0.10546205,-0.06585749,0.00249662085000023,-0.411696735,-0.35988555,-0.335336,-0.3057431,-0.2851244,-0.2691922,-0.25688625,-0.2452464,-0.2351963,-0.225815,-0.206861,-0.1895156,-0.1805847,-0.1708038,-0.159418,-0.1476446,-0.13337225,-0.1161934,-0.0926600350000002,-0.0715973625,-0.0284840835
26,1,-0.579840207,-0.531656895,-0.467556175,-0.4236379,-0.3778061,-0.34500365,-0.3217966,-0.30001075,-0.2805137,-0.2646489,-0.2486296,-0.218765,-0.1857058,-0.1697579,-0.1555302,-0.1377735,-0.1162306,-0.093733845,-0.0612947700000001,-0.0203048600000002,0.0144487625,0.0902046405000001,-0.739861385,-0.6668496,-0.6323129,-0.5883974,-0.5626233,-0.5397504,-0.52067275,-0.5036753,-0.48695005,-0.4725134,-0.443795,-0.4170228,-0.40236855,-0.3878798,-0.37147225,-0.3528728,-0.33169665,-0.3044187,-0.2647794,-0.225777375,-0.161273185,-0.44835817,-0.388673525,-0.35890415,-0.3294554,-0.30887335,-0.2922698,-0.2777705,-0.2654228,-0.2530919,-0.2418734,-0.222826,-0.2042614,-0.1930855,-0.1835621,-0.17336325,-0.162505,-0.1471777,-0.1287677,-0.10047795,-0.0791182,-0.0442257264999999
27,1,-0.289604557,-0.36020457,-0.274809525,-0.23234845,-0.1899491,-0.1612752,-0.139394,-0.11959975,-0.1032401,-0.085951685,-0.06832966,-0.03665155,-0.01013874,0.004690125,0.02192839,0.04067045,0.0605004,0.084168435,0.1153567,0.1611261,0.19669065,0.274268625,-0.552481085,-0.48425245,-0.4494174,-0.4090192,-0.38310335,-0.362699,-0.3422845,-0.3260494,-0.31180815,-0.2953604,-0.2648825,-0.2370004,-0.2239072,-0.2086096,-0.191585,-0.1718858,-0.15052925,-0.1242656,-0.0855118000000001,-0.0493690999999999,0.0171960425000002,-0.45043172,-0.397059225,-0.36679775,-0.3336814,-0.3120195,-0.2927472,-0.27935275,-0.2652809,-0.25316855,-0.2429238,-0.2243905,-0.2049394,-0.19424865,-0.1840987,-0.17327425,-0.1612184,-0.1467569,-0.1277217,-0.1012096,-0.078655185,-0.0456238314999999
28,1,-0.289372747,-0.364480605,-0.275591875,-0.23709475,-0.1938476,-0.16489355,-0.1415488,-0.12260325,-0.1037531,-0.085811475,-0.0710923,-0.0398645,-0.0111644,0.00393473449999998,0.02065253,0.039917925,0.06004778,0.08221052,0.1102006,0.1537256,0.188725925,0.256872415,-0.56635829,-0.4899322,-0.4516581,-0.410292,-0.3820992,-0.3606474,-0.34162925,-0.3257706,-0.31024945,-0.2968952,-0.265918,-0.2377474,-0.2220662,-0.2060815,-0.18964825,-0.1701818,-0.14739415,-0.1212752,-0.0791953550000001,-0.04538393,0.0079898384000002,-0.45988442,-0.4024131,-0.36972175,-0.3328755,-0.3074391,-0.288644,-0.27499725,-0.2611116,-0.2504064,-0.2397576,-0.2214285,-0.201093,-0.19108735,-0.181138,-0.16999775,-0.1563742,-0.1421234,-0.1238598,-0.09712671,-0.075548435,-0.0430306009999999
29,1,-0.577975451,-0.5552699,-0.4689854,-0.43403095,-0.3894345,-0.35454445,-0.3282806,-0.30665275,-0.2878237,-0.2688696,-0.2519966,-0.217343,-0.1884518,-0.1737391,-0.1589343,-0.14146625,-0.120624,-0.09873392,-0.06487006,-0.025781085,0.0185064125,0.0910658970000003,-0.72373537,-0.668466975,-0.6303442,-0.5910656,-0.56185065,-0.5391564,-0.5209635,-0.5059229,-0.49040065,-0.4760394,-0.446645,-0.4170954,-0.40007895,-0.3850008,-0.369431,-0.351335,-0.3298941,-0.3002283,-0.2595188,-0.2263417,-0.16335064,-0.46589486,-0.40206215,-0.3699658,-0.3323684,-0.3089805,-0.2899724,-0.274601,-0.2607597,-0.2484419,-0.2371584,-0.216242,-0.1960518,-0.18616325,-0.1762884,-0.16435775,-0.1521388,-0.13615595,-0.1188582,-0.092729555,-0.0718095725,-0.0388918974999996
30,1,-0.0522548409999999,-0.22088374,-0.1439295,-0.10374825,-0.0581834,-0.025497145,-0.00430788399999999,0.014863825,0.03290077,0.0477701,0.06268448,0.09365095,0.122477,0.13787115,0.154016,0.17245,0.1910776,0.2144143,0.2432113,0.28591885,0.326556825,0.399296705,-0.40737448,-0.332907375,-0.29565535,-0.2517635,-0.22601165,-0.2048754,-0.187785,-0.1701862,-0.15242985,-0.1380912,-0.109334,-0.08285284,-0.068193175,-0.05197046,-0.0345179,-0.01532004,0.0087981095,0.03596766,0.0752346899999999,0.109784625,0.17675245,-0.421897065,-0.37388305,-0.33904585,-0.3058874,-0.28394905,-0.2679148,-0.25307075,-0.2416685,-0.22928275,-0.2182712,-0.197472,-0.179931,-0.1703318,-0.1604521,-0.148839,-0.1357612,-0.1216978,-0.1052953,-0.079708445,-0.0597276875,-0.0188053875
31,1,-0.626733714,-0.607436,-0.5146682,-0.4738341,-0.4233265,-0.39365545,-0.3707052,-0.3512315,-0.3321652,-0.3156792,-0.299837,-0.2700275,-0.2381746,-0.22317305,-0.2069724,-0.18662625,-0.1646038,-0.14193335,-0.1128929,-0.0687474400000001,-0.0337495549999999,0.0453261380000004,-0.75312197,-0.68786575,-0.645774,-0.6018859,-0.57774945,-0.5570932,-0.53711025,-0.5194033,-0.50390885,-0.4880886,-0.458168,-0.4311378,-0.41810185,-0.401483,-0.38389725,-0.366515,-0.3473085,-0.3212516,-0.28062815,-0.24292765,-0.16017358,-0.42484909,-0.3586622,-0.3271154,-0.2933776,-0.27445445,-0.2554988,-0.2403785,-0.2286534,-0.2171729,-0.2061196,-0.1870195,-0.1683138,-0.15860425,-0.1480238,-0.13664825,-0.1249008,-0.11147515,-0.0951666,-0.0714305150000001,-0.0529794224999999,-0.020623868
32,1,-0.0385867700000002,-0.22309328,-0.15842005,-0.1190397,-0.07621874,-0.048235785,-0.0260199,-0.0062415475,0.01250407,0.029394335,0.04515368,0.0746903,0.1056646,0.1213767,0.1372521,0.15360625,0.1719072,0.19510315,0.2256963,0.2675037,0.309716775,0.381393245,-0.37349664,-0.302422275,-0.2700117,-0.2325074,-0.20378635,-0.1828698,-0.1621515,-0.1465079,-0.13075125,-0.1164206,-0.0886087,-0.05931236,-0.04382863,-0.02713574,-0.0093315175,0.00873009400000002,0.02913364,0.05881932,0.1050343,0.1437023,0.216771305,-0.380715375,-0.3143988,-0.28796855,-0.2571125,-0.23783105,-0.2228916,-0.20792175,-0.1965514,-0.1865005,-0.1778094,-0.158417,-0.13982,-0.1301952,-0.120737,-0.1105195,-0.09772642,-0.08486201,-0.06971764,-0.046474265,-0.02359159,0.0251878445000001
33,1,-0.292042723,-0.404128045,-0.3283462,-0.29448945,-0.2498041,-0.2158576,-0.196013,-0.175153,-0.1568341,-0.14089735,-0.125837,-0.0964794,-0.06788982,-0.052794915,-0.03657427,-0.02040125,-0.000369634999999962,0.02520327,0.05149851,0.0920284299999999,0.1275592,0.19287663,-0.525054555,-0.4517137,-0.41825995,-0.3769498,-0.34984985,-0.3247162,-0.3077775,-0.290733,-0.27565605,-0.2607612,-0.2346765,-0.207791,-0.1944544,-0.1775786,-0.16073475,-0.1433444,-0.11783745,-0.09060667,-0.052124565,-0.020598195,0.0681151480000001,-0.337252395,-0.280425,-0.25693855,-0.229577,-0.21184845,-0.1969168,-0.183886,-0.1723371,-0.16239425,-0.153345,-0.134517,-0.1164854,-0.1074202,-0.09747225,-0.08766685,-0.0755451,-0.06301524,-0.04726721,-0.0237353300000001,-0.0018835785,0.0429776135000002
34,1,0.039734782,-0.205232235,-0.14806665,-0.1066178,-0.05839787,-0.03129868,-0.00739084799999999,0.0131184,0.03080946,0.04662616,0.0614829,0.09120255,0.1211868,0.13658815,0.1536235,0.1703445,0.1896412,0.21329805,0.2453365,0.2879754,0.326870025,0.386588185,-0.30499174,-0.2391004,-0.20212925,-0.1565707,-0.1321183,-0.1099898,-0.09238265,-0.07445,-0.057226935,-0.04060164,-0.01303495,0.01463758,0.02861844,0.0443308199999999,0.0606598,0.07850888,0.10028485,0.1283934,0.1763424,0.2106378,0.281388695,-0.287913295,-0.242679125,-0.21915265,-0.1955537,-0.1776494,-0.1652694,-0.15320325,-0.1427762,-0.1326105,-0.1232176,-0.1049375,-0.08724608,-0.07856423,-0.06962912,-0.0581471,-0.04689092,-0.03354661,-0.01738678,0.00818767449999999,0.03305296,0.0807508395000001
35,1,0,-0.24456899,-0.174086225,-0.13846635,-0.09640511,-0.071859215,-0.04850384,-0.030527125,-0.01247561,0.00407634,0.01985206,0.04970385,0.0797868,0.09591078,0.1122474,0.1317005,0.1492966,0.1710516,0.2012515,0.2454818,0.279226175,0.336247385,-0.32066448,-0.250844075,-0.21160965,-0.1725965,-0.14545565,-0.1251766,-0.105763,-0.0896894,-0.075714875,-0.06033896,-0.03174475,-0.00349144999999998,0.01132996,0.02687627,0.0423421,0.0622966000000001,0.084197485,0.1120687,0.1533006,0.1947342,0.25625474,-0.27668897,-0.2193345,-0.1957673,-0.1713775,-0.1551012,-0.1394878,-0.1290635,-0.1193,-0.10966715,-0.1004986,-0.08163335,-0.0640083,-0.05478966,-0.04613877,-0.035976625,-0.02544838,-0.01079779,0.006746471,0.0362164599999998,0.0649293275,0.12115428
36,1,0.290894711,-0.082490144,-0.01032987,0.02184259,0.06123572,0.091273195,0.1154538,0.135632,0.1538408,0.16973215,0.1845616,0.214795,0.2451066,0.26179865,0.277762,0.2938865,0.3178234,0.3402621,0.3699238,0.41793875,0.4503285,0.527261855,-0.13035101,-0.06447517,-0.030678635,0.01077361,0.03703714,0.0605844,0.07980465,0.09515055,0.1113405,0.1256428,0.1521765,0.181756,0.19681595,0.2123796,0.231901,0.251637,0.2731184,0.3028174,0.33970765,0.377081675,0.45197399,-0.24284606,-0.201618425,-0.1770326,-0.1520909,-0.13491795,-0.1211838,-0.109215,-0.09818937,-0.088104135,-0.0785596,-0.0623681,-0.0444801,-0.03559649,-0.02590702,-0.01568195,-0.00350043999999999,0.0099936775,0.02974058,0.0586574499999999,0.0904815025,0.152396055
37,1,0,-0.25807211,-0.198020425,-0.1606718,-0.1134265,-0.08459967,-0.06419692,-0.04620395,-0.02800067,-0.013786845,0.002582854,0.0355862,0.06411478,0.07991525,0.09671382,0.114379,0.1327944,0.15693585,0.1873311,0.2302421,0.263358025,0.339098735000001,-0.31295584,-0.2372382,-0.2030523,-0.1639881,-0.1378465,-0.1170184,-0.098081025,-0.08094725,-0.06552991,-0.05149754,-0.0212724,0.00643282200000001,0.02257012,0.03759568,0.054983675,0.070783,0.096073125,0.1223794,0.16180665,0.194691425,0.255731485,-0.23985719,-0.194313725,-0.16844995,-0.1436967,-0.1274378,-0.1155292,-0.10351675,-0.09250382,-0.082293475,-0.07343154,-0.05764555,-0.04094808,-0.032600335,-0.02335631,-0.012147075,-0.000358944599999991,0.01541267,0.03331452,0.059030175,0.08518393,0.142917375
38,1,-0.330629493,-0.464519875,-0.4047518,-0.36291195,-0.3223194,-0.29399905,-0.2685488,-0.24852775,-0.2298378,-0.21156055,-0.1963618,-0.1651275,-0.1388072,-0.1219388,-0.1060522,-0.086669325,-0.0685949799999999,-0.048297985,-0.01664182,0.0313685149999998,0.07202592,0.14635212,-0.511290025,-0.444716275,-0.4123797,-0.3695987,-0.3395618,-0.3188478,-0.29913975,-0.2823902,-0.2645045,-0.2505246,-0.222795,-0.1929514,-0.1782545,-0.1631064,-0.1465055,-0.1264792,-0.10473755,-0.07886753,-0.033264355,0.00303629925000011,0.083643219,-0.24349929,-0.1929343,-0.1700588,-0.1417551,-0.12568005,-0.1132876,-0.1014245,-0.09049356,-0.080286615,-0.071132,-0.0555004,-0.03798494,-0.02820332,-0.01924916,-0.009695405,0.00228327200000001,0.015761135,0.03417072,0.0635638,0.0861219775,0.142871625
39,1,0,-0.287421845,-0.21126185,-0.16925275,-0.1231299,-0.09702842,-0.0762879,-0.054539225,-0.03733703,-0.0209382,-0.00818198399999999,0.02201225,0.05015714,0.06566355,0.0813133299999999,0.10115525,0.1220396,0.14421835,0.1730742,0.2154867,0.25684415,0.334109825,-0.3094589,-0.234905075,-0.19226935,-0.1571974,-0.12852665,-0.1067954,-0.087717525,-0.07252428,-0.05748275,-0.04470004,-0.0162975,0.01249278,0.0267392,0.04220379,0.060082075,0.07966986,0.1021366,0.1271947,0.1725143,0.206659225,0.263223485,-0.223862135,-0.17530285,-0.1507388,-0.1261276,-0.10883615,-0.09577936,-0.085142725,-0.07434762,-0.065294005,-0.05635896,-0.03817065,-0.02048598,-0.012041905,-0.00179831700000002,0.0094522975,0.0205807,0.0342569,0.05203519,0.0783857349999999,0.101385675,0.157940465
40,1,0.039734782,-0.26682479,-0.1929051,-0.1512148,-0.108507,-0.08143272,-0.05793646,-0.040792475,-0.02313925,-0.0067649215,0.00679975000000003,0.03726995,0.06697908,0.082409395,0.09765191,0.1172135,0.1401416,0.1614841,0.1908449,0.23252415,0.2710275,0.344256015,-0.26514334,-0.19239605,-0.1638638,-0.124423,-0.09974653,-0.07756032,-0.05859385,-0.04303737,-0.028340715,-0.014613,0.01323375,0.04359994,0.059781815,0.07678922,0.093733225,0.1132444,0.13559415,0.1623202,0.2019648,0.24309835,0.305660195,-0.20378159,-0.15915905,-0.1349579,-0.1114809,-0.09400752,-0.08090108,-0.069176725,-0.05906092,-0.049448245,-0.0406994,-0.0242954,-0.007595268,0.002799076,0.01253828,0.0236161,0.03591234,0.048894845,0.06860176,0.10012815,0.126854125,0.193840755
41,1,0.252307941,-0.147590785,-0.07216507,-0.03008982,0.0140833,0.04265599,0.06435598,0.08313775,0.09977189,0.1168587,0.1314986,0.163385,0.1924748,0.2064629,0.222684,0.24054375,0.2601498,0.28191755,0.3129187,0.356358,0.393943925,0.46871389,-0.136223235,-0.0655141875,-0.029721095,0.01168722,0.03851739,0.0605514,0.078866225,0.09708212,0.11130595,0.1261132,0.152743,0.1806646,0.19549455,0.2115839,0.22805325,0.245198,0.2664326,0.2910684,0.33161205,0.366556275,0.435349190000001,-0.200059785,-0.1448012,-0.1222958,-0.0976252,-0.082079845,-0.06803924,-0.056255275,-0.04605642,-0.0369484,-0.0288701,-0.0114529,0.005961042,0.01561919,0.02545837,0.036270275,0.04776086,0.062007925,0.07963511,0.11036275,0.139729075,0.194253325
42,1,0,-0.310888485,-0.2234689,-0.18407805,-0.1450377,-0.11486545,-0.08863936,-0.070051075,-0.05201846,-0.035368895,-0.02051484,0.0106511,0.03833444,0.05457234,0.07013534,0.0879958,0.1061572,0.1281175,0.1565306,0.1985384,0.236656425,0.30881121,-0.295389875,-0.218725725,-0.1829075,-0.141587,-0.11585185,-0.09465128,-0.07646715,-0.06005591,-0.045663115,-0.0313715799999999,-0.0029494,0.02485384,0.037999745,0.05399249,0.0728775,0.09149766,0.1133328,0.1407153,0.18060285,0.2167664,0.277333635,-0.20122543,-0.148928,-0.12352335,-0.09681317,-0.08047336,-0.06869094,-0.05712995,-0.04768871,-0.03808868,-0.0277184,-0.01058525,0.005998766,0.015101635,0.02332041,0.033133475,0.0459819,0.058673755,0.07738146,0.10405705,0.1311311,0.18209106
43,1,0,-0.279568325,-0.21959865,-0.17875585,-0.1380306,-0.1094343,-0.08832576,-0.0673714,-0.04990333,-0.03424668,-0.01897126,0.0106717,0.0375621,0.05202396,0.06846338,0.0854375,0.1038634,0.1279573,0.1619314,0.208096,0.239279475,0.311507155,-0.271237705,-0.21950245,-0.18372715,-0.1451962,-0.1165914,-0.0941854,-0.076831325,-0.06166077,-0.046198985,-0.0303622,-0.003261585,0.02801778,0.041270855,0.05629321,0.07180995,0.09079078,0.11514625,0.1426598,0.182719,0.2213019,0.299960560000001,-0.203948985,-0.15207315,-0.12647495,-0.09680362,-0.080221415,-0.06791372,-0.0571791,-0.04652277,-0.03788259,-0.02890266,-0.01165535,0.00543338800000001,0.01320608,0.02301981,0.033743775,0.04583636,0.058919995,0.07650651,0.10326935,0.13217925,0.18191732
44,1,-0.323059553999999,-0.491466435,-0.4234202,-0.3917633,-0.3468279,-0.31631105,-0.294015,-0.27261275,-0.2549514,-0.2359963,-0.2209888,-0.191569,-0.1605402,-0.1446545,-0.1252624,-0.106357,-0.08796136,-0.06507371,-0.03758577,-0.00183890400000007,0.03998443,0.105657015,-0.50460883,-0.4314591,-0.39220925,-0.3489517,-0.3215844,-0.2991814,-0.27911725,-0.2617094,-0.2477939,-0.2331206,-0.203767,-0.1745376,-0.16051385,-0.1449293,-0.1271475,-0.1080364,-0.08693283,-0.05981319,-0.01993007,0.0144053825000001,0.0835665230000002,-0.21181019,-0.15505895,-0.1305987,-0.1013701,-0.08284924,-0.06857476,-0.05721315,-0.04759798,-0.038702035,-0.02971442,-0.01274555,0.003994184,0.01217376,0.02223682,0.0327776,0.04389336,0.057825335,0.07537096,0.1053613,0.126931475,0.17323387
45,1,-0.260897664000001,-0.453315505,-0.389641175,-0.35370585,-0.3098473,-0.2836805,-0.26091,-0.240887,-0.2232272,-0.20616105,-0.1907904,-0.1597315,-0.12899,-0.11365095,-0.09853702,-0.080093775,-0.06082556,-0.037336115,-0.01238562,0.0285822399999999,0.0678810025,0.148987495,-0.44483804,-0.379753975,-0.3440024,-0.3072808,-0.27962875,-0.2571366,-0.23808225,-0.2207316,-0.2035409,-0.187527,-0.1582885,-0.1304642,-0.116066,-0.1006467,-0.08436755,-0.0664274,-0.043654995,-0.0147381400000001,0.026075075,0.059221725,0.133298900000001,-0.19164496,-0.1435538,-0.11366575,-0.08627819,-0.07033286,-0.0563197,-0.043244625,-0.03338765,-0.02501871,-0.0164798,0.001986165,0.01811438,0.026607715,0.03578539,0.046638325,0.05749894,0.072024905,0.0890358,0.11538515,0.138484975,0.184830165
46,1,0.0409524960000001,-0.29018398,-0.218491225,-0.1847718,-0.1443878,-0.11219215,-0.09172108,-0.0720088,-0.0526858,-0.037611905,-0.0214498,0.009475215,0.04229314,0.05814079,0.07329408,0.09032155,0.1114566,0.138796,0.1677727,0.2098829,0.2490993,0.302908850000001,-0.24806625,-0.17932275,-0.1483795,-0.1063586,-0.07920485,-0.05829884,-0.04060225,-0.02424745,-0.0078358845,0.006371458,0.0359852,0.06289802,0.07902481,0.09563941,0.111244,0.1304842,0.15154385,0.1789309,0.22253505,0.26159095,0.32394789,-0.163754355,-0.11639575,-0.090114835,-0.06237639,-0.044632635,-0.0322171,-0.021944725,-0.01268613,-0.00337189800000002,0.00660352800000001,0.02393905,0.04154806,0.05007976,0.06079159,0.071745375,0.0829186,0.09762368,0.116593,0.1469751,0.1720343,0.22664001
47,1,0.290696781,-0.14949206,-0.0738534175,-0.034840775,0.0010130639,0.028714025,0.0523608,0.0719659,0.08934162,0.1044719,0.1195578,0.1484915,0.1800306,0.19640055,0.2131135,0.231085,0.2494492,0.2709451,0.3009008,0.34555625,0.3878151,0.458501705,-0.0885437225,-0.0195892475,0.01520722,0.05580645,0.085831625,0.1063952,0.12652075,0.1413757,0.1560773,0.1715128,0.1994835,0.2272844,0.24156705,0.2584988,0.27774175,0.2951296,0.3168943,0.3423672,0.3854514,0.4259713,0.5070644,-0.12977073,-0.0866364075,-0.06677589,-0.04288554,-0.02530006,-0.01218682,-0.00046989325,0.01098451,0.01992462,0.02900002,0.04589965,0.06536188,0.075692025,0.08566596,0.09731,0.109527,0.1237233,0.1448933,0.17023515,0.19669875,0.258912590000001
48,1,0,-0.34796989,-0.2662158,-0.22993195,-0.18696,-0.1600631,-0.136139,-0.11609225,-0.09827044,-0.080486835,-0.0665693999999999,-0.0351493,-0.004663178,0.00726784099999998,0.02380819,0.043132875,0.06120868,0.084595835,0.111407,0.1529137,0.193511625,0.264823545,-0.269316335,-0.191604225,-0.1600971,-0.1198117,-0.092441685,-0.0690971,-0.04988255,-0.03397073,-0.01845157,-0.00413326599999999,0.0262712,0.0551249,0.069710205,0.08627996,0.103502,0.1227092,0.14244955,0.1699246,0.20753715,0.239705075,0.31261675,-0.123580505,-0.0770156875,-0.053006865,-0.03024279,-0.014134475,-0.000335307999999995,0.01064505,0.02049228,0.032180465,0.04151956,0.05965605,0.07820814,0.088702695,0.09898909,0.1103665,0.1244194,0.1406146,0.1618015,0.1888824,0.21519315,0.271114825
49,1,0.337857196,-0.150625055,-0.0776334175,-0.04320066,0.007048897,0.034279365,0.05702844,0.079077625,0.09973998,0.11770495,0.132974,0.1619095,0.1938944,0.2080086,0.2250545,0.245273,0.2655762,0.28730655,0.3141916,0.3589607,0.39546145,0.46508157,-0.0445598285,0.01867035,0.055082795,0.09772308,0.1250133,0.1466362,0.165725,0.1833438,0.19664035,0.2134006,0.2431165,0.2733056,0.28717975,0.3008417,0.31748275,0.3391386,0.36131395,0.3887925,0.43355805,0.46590085,0.529996345,-0.094114716,-0.0558965725,-0.036235405,-0.01275206,0.0029983995,0.0163244,0.02839745,0.03871611,0.047798935,0.05719134,0.07535175,0.0951225,0.1051724,0.1170572,0.1313855,0.1449172,0.1626653,0.1838724,0.21284015,0.24131735,0.31083105
50,1,0.343465763,-0.15515419,-0.0709924525,-0.034205115,0.00952600000000001,0.04129063,0.0646072,0.082353525,0.09694601,0.11367765,0.1266576,0.156599,0.18933,0.2037344,0.2207014,0.24002075,0.2597036,0.28456455,0.31591,0.35876455,0.397349125,0.478879305,-0.0434630355,0.0294407825,0.069813065,0.1135003,0.13754875,0.1592312,0.176891,0.192508,0.20625635,0.2199116,0.247479,0.2755468,0.2897603,0.3069844,0.32441375,0.343323,0.36560715,0.392066,0.4338874,0.467791125,0.53671933,-0.0946393965,-0.05188402,-0.028707005,-0.00640804699999999,0.01132213,0.0247573,0.0359395,0.04548356,0.056827125,0.06658768,0.0847611,0.1032228,0.1137837,0.126288,0.13754425,0.1518916,0.1679814,0.1905187,0.2241716,0.250359475,0.31038388
51,1,0.0616204539999998,-0.31525341,-0.24834565,-0.20712795,-0.1657465,-0.13679905,-0.1142392,-0.0945492,-0.07601549,-0.05933808,-0.04333626,-0.0130027,0.01743192,0.03388621,0.05033906,0.0692567,0.0898764200000001,0.1121506,0.138663,0.1820879,0.2198075,0.2956702,-0.22369389,-0.152671275,-0.11363935,-0.07520401,-0.043940375,-0.0219434,-0.00238037,0.01452962,0.030368465,0.04547092,0.07376245,0.1007426,0.1151358,0.1313986,0.15076725,0.167932,0.19200335,0.2184345,0.25947635,0.29820355,0.367880435,-0.0957076515,-0.0527374325,-0.03215068,-0.00877578,0.008794127,0.02200394,0.033340475,0.04522419,0.05499063,0.0644145,0.0811811,0.1014574,0.1124035,0.1223974,0.13408925,0.1464418,0.16235705,0.1841669,0.21586275,0.24671205,0.313224935
52,1,0,-0.359046105,-0.292508825,-0.2458301,-0.1996573,-0.1708267,-0.147682,-0.12746075,-0.1090023,-0.0918577,-0.07676742,-0.04680355,-0.01836796,-0.0024045745,0.01334645,0.0314897,0.0501235400000001,0.070572325,0.09798646,0.13974485,0.172137925,0.250165725,-0.251942985,-0.184447025,-0.1478942,-0.1090299,-0.080480965,-0.05791412,-0.03869545,-0.02151362,-0.0075453975,0.00628929600000002,0.03539295,0.06433134,0.079674185,0.09423411,0.108988,0.128613,0.1492965,0.174945,0.2154786,0.24692505,0.314218095,-0.0858579245,-0.0498516675,-0.03101281,-0.008145635,0.008609878,0.02152974,0.032750025,0.04255047,0.052738465,0.06287692,0.08097475,0.09798758,0.10929245,0.119867,0.130547,0.1447776,0.15987335,0.1802245,0.2117658,0.243351125,0.312109355
53,1,0.286921085,-0.184696045,-0.1065152,-0.07377892,-0.02489315,0.005756863,0.02484068,0.045825225,0.06395778,0.07868341,0.09438948,0.1226315,0.1539204,0.1688827,0.1859044,0.2057815,0.224815,0.24713175,0.2755396,0.31369475,0.3570386,0.432965045,-0.076173757,-0.003638359,0.03183049,0.0691211,0.097756715,0.1162114,0.13687875,0.1518066,0.1679069,0.1838566,0.2105525,0.2400814,0.25245925,0.2667264,0.2842125,0.3036706,0.32321665,0.3543768,0.3997284,0.43525415,0.503382135,-0.0883350155,-0.050403325,-0.029191285,-0.00487841,0.01043522,0.022829,0.034759875,0.04498019,0.056054165,0.06537112,0.0832049,0.1019188,0.11172905,0.1228532,0.1342575,0.1479942,0.16523495,0.1848146,0.2163543,0.24800505,0.30685209
54,1,0.0675802359999995,-0.31302154,-0.2354676,-0.2020428,-0.1626427,-0.1323814,-0.1091402,-0.087787575,-0.07138958,-0.0540417,-0.04031088,-0.01015855,0.01937448,0.037785645,0.0566780599999999,0.0740674,0.0954198,0.1209388,0.1512943,0.19728995,0.23729355,0.30959243,-0.200711095,-0.14025195,-0.10769825,-0.07017218,-0.04123447,-0.01684994,-0.00069725625,0.01583112,0.030899875,0.04447616,0.07171485,0.1011228,0.11855145,0.1349038,0.149354,0.1684856,0.18993675,0.2185728,0.2627952,0.303431275,0.360037355000001,-0.10386385,-0.0543920675,-0.034204025,-0.01111498,0.005026481,0.01904302,0.029672575,0.04015712,0.050590265,0.05911648,0.07837605,0.09707074,0.1055943,0.1163645,0.1294805,0.1434012,0.15982415,0.1805761,0.21113215,0.2409987,0.291399105
55,1,0.358701518,-0.12143854,-0.0541715525,-0.016183725,0.02337157,0.05106779,0.07734634,0.096235875,0.112597,0.12809095,0.1430654,0.170807,0.1993672,0.2152141,0.2336333,0.25438525,0.2731372,0.2946751,0.3227331,0.36966075,0.412208175,0.497090565,-0.0303309865,0.03552317,0.0676981,0.1090738,0.13429145,0.1577672,0.1776555,0.1940269,0.20905635,0.22335,0.250614,0.2778642,0.2926786,0.3093127,0.32483325,0.3427328,0.3655502,0.3959703,0.4386317,0.474748775,0.54919364,-0.11088511,-0.0565476625,-0.0380746,-0.01336396,0.0029281905,0.01705118,0.027680225,0.03840099,0.047095535,0.05705198,0.0746334,0.09271108,0.1027828,0.1125338,0.12377225,0.1377954,0.15370595,0.1736396,0.20518635,0.2351565,0.299313225
56,1,0,-0.32771249,-0.262867225,-0.21956,-0.1807605,-0.15537945,-0.1319412,-0.11336075,-0.09364601,-0.07991734,-0.06413634,-0.0345779,-0.005857428,0.00796440199999998,0.02388416,0.040914725,0.06098126,0.081948665,0.1081147,0.150375,0.18395385,0.258136815,-0.253609535,-0.180075,-0.15129865,-0.1128314,-0.08764419,-0.06596436,-0.04704975,-0.02894745,-0.0150571,-0.000914835999999995,0.0271076,0.05391948,0.06749904,0.08236655,0.09910885,0.1158992,0.13585045,0.1611163,0.2065361,0.238240175,0.30581184,-0.13193322,-0.0789412775,-0.052479725,-0.02846179,-0.009648073,0.004247998,0.01492205,0.02520119,0.03376721,0.04315912,0.06029575,0.07779862,0.086837335,0.09750177,0.10869225,0.1209084,0.1355709,0.1528766,0.18223455,0.213153275,0.257323965
57,1,-0.283662473,-0.511167165,-0.42927055,-0.3931843,-0.3530842,-0.32493935,-0.3003642,-0.28169575,-0.264444,-0.24789625,-0.230859,-0.2025205,-0.171285,-0.1560199,-0.1382016,-0.122429,-0.1015962,-0.078054355,-0.04771681,-0.00410996750000017,0.03735809,0.11503258,-0.42997065,-0.370434075,-0.33414975,-0.2984801,-0.27348105,-0.2494588,-0.23056425,-0.2117431,-0.197219,-0.1809222,-0.153347,-0.1235834,-0.10979175,-0.0948809000000001,-0.07895965,-0.06008568,-0.03813234,-0.01148702,0.0297064399999999,0.0681536425000002,0.13924063,-0.163969805,-0.0967634875,-0.070431745,-0.04259459,-0.02200698,-0.008556458,0.00226403,0.01233167,0.02213953,0.03083812,0.0483811,0.06405316,0.07350056,0.08209877,0.092787975,0.104869,0.1194059,0.1384838,0.16589565,0.191510475,0.233775995
58,1,0,-0.336706445,-0.26277065,-0.2243271,-0.1830292,-0.1524568,-0.1308104,-0.1118075,-0.09557634,-0.07800141,-0.06217968,-0.02964375,-0.00264004999999999,0.01520375,0.03121842,0.05077095,0.07134642,0.095670705,0.1212002,0.15999875,0.196393175,0.282181745,-0.285919195,-0.201236575,-0.16432125,-0.1261373,-0.09872681,-0.07506468,-0.05736635,-0.04074621,-0.02599476,-0.01071456,0.01795855,0.04738622,0.06318568,0.07897582,0.094439925,0.1155614,0.1392343,0.1661593,0.20984155,0.245843175,0.306978175000001,-0.14329347,-0.0911535725,-0.068541345,-0.03835194,-0.021275765,-0.006623854,0.0046111575,0.01525406,0.02484612,0.0332811,0.05059065,0.06726136,0.075512665,0.08466782,0.095457625,0.1077484,0.12127195,0.1410555,0.1711691,0.1946466,0.23896891
59,1,0.283662473,-0.157318285,-0.08667175,-0.04920055,-0.01032319,0.01625148,0.03692996,0.056250925,0.07467118,0.090897935,0.1051662,0.1367145,0.1662236,0.1838179,0.2009145,0.220361,0.240073,0.26233425,0.2893707,0.33513295,0.3725033,0.454567615,-0.09571826,-0.029129615,0.00651902950000001,0.0477286,0.075481205,0.1007442,0.11803525,0.1350595,0.1516374,0.1665036,0.194671,0.2239502,0.23923385,0.2547061,0.26966025,0.288264,0.3074414,0.3366217,0.37915285,0.41596985,0.492484605,-0.12384468,-0.084005215,-0.06047979,-0.03276208,-0.0164874,-0.003109962,0.0087041725,0.01880944,0.028063465,0.03676006,0.0537679,0.07136094,0.08045475,0.09043157,0.10102075,0.1134976,0.12790815,0.146531,0.1748852,0.200943425,0.249081
60,1,0.0802889230000004,-0.281747015,-0.217923425,-0.18096285,-0.1368923,-0.10797695,-0.08484428,-0.064786225,-0.04721693,-0.029672425,-0.0161144,0.01574295,0.04439506,0.06059505,0.0782426099999999,0.09348145,0.1139872,0.1390452,0.1658109,0.20369605,0.241689625,0.325670715,-0.22649873,-0.1517122,-0.1204774,-0.07884268,-0.053559765,-0.03017514,-0.011623075,0.006286618,0.023783345,0.03771492,0.06501835,0.09496678,0.1094112,0.1259479,0.14250475,0.1588592,0.1786731,0.2063168,0.2458777,0.281271575,0.342751745,-0.13282498,-0.092000285,-0.06667558,-0.0382849,-0.0212364,-0.007084598,0.0038655625,0.01380303,0.02384845,0.03317776,0.0497833,0.0675321,0.07513225,0.0850287,0.095238175,0.1074774,0.12199445,0.1410676,0.17006655,0.196062125,0.23897753
61,1,0,-0.33646739,-0.257537,-0.22062235,-0.1732688,-0.14582065,-0.120921,-0.1010805,-0.08575463,-0.070311125,-0.05577274,-0.02645335,0.00346611600000001,0.019325865,0.03531484,0.053207175,0.07218612,0.096051245,0.1237847,0.17473235,0.21422345,0.303798885,-0.26945482,-0.20038455,-0.1655729,-0.1250522,-0.10135095,-0.07873614,-0.057800925,-0.04004618,-0.025578155,-0.00974689199999999,0.01870995,0.04562314,0.06089178,0.0760078,0.092129725,0.1080028,0.1307725,0.1599501,0.2058006,0.248601975,0.325341815000001,-0.16074233,-0.09704123,-0.07379883,-0.04840368,-0.028866775,-0.01512054,-0.0027699925,0.007084822,0.016638715,0.0251195,0.0421704,0.05997586,0.069107845,0.078568,0.08835115,0.100548,0.11365845,0.1318215,0.1608545,0.185871725,0.237782985000001
62,1,0,-0.32267297,-0.2458108,-0.210819,-0.1690188,-0.1441946,-0.124393,-0.10429875,-0.08615284,-0.06963373,-0.05501356,-0.02248935,0.00590196600000001,0.020241735,0.03577132,0.0536082,0.07390538,0.09318672,0.1251519,0.16427495,0.201598325,0.27209772,-0.277535825,-0.203475025,-0.16930515,-0.128098,-0.10086025,-0.07806852,-0.059833825,-0.04337358,-0.02897871,-0.0150397,0.01513015,0.0414238,0.054604755,0.07018975,0.0882747,0.1080382,0.13053265,0.1553651,0.19934745,0.239670225,0.299766845,-0.1569552,-0.10214125,-0.076111365,-0.05018989,-0.032957015,-0.0198208,-0.0080947575,0.001502425,0.010836435,0.02077908,0.0382539,0.05588712,0.06545212,0.07404394,0.083756025,0.09634,0.10911575,0.1287518,0.15376105,0.177920125,0.233784290000001
63,1,0,-0.321826275,-0.24454175,-0.2084562,-0.1665666,-0.1409303,-0.1193146,-0.10134975,-0.08304473,-0.0673635,-0.05184998,-0.0238533,0.00794811400000003,0.023428205,0.04343961,0.0600242,0.07660702,0.098948345,0.1270206,0.168688,0.2054557,0.28499851,-0.263748785,-0.201639325,-0.1712581,-0.1295516,-0.10234535,-0.08117204,-0.062624375,-0.0458052,-0.03063767,-0.01452162,0.0139177,0.04086904,0.054622975,0.07097548,0.0881275,0.1073456,0.1304788,0.1585077,0.199372,0.2339861,0.31101072,-0.149431635,-0.107204025,-0.08260144,-0.05552918,-0.03807152,-0.02346826,-0.011637225,-0.001517443,0.0081170605,0.01706886,0.03558135,0.05339702,0.062468535,0.07059585,0.0800164,0.09074238,0.10378675,0.1224438,0.15464015,0.17570725,0.23073459
64,1,0,-0.3200571,-0.2543546,-0.212822,-0.1734271,-0.1411437,-0.1170716,-0.09860335,-0.07899317,-0.063451385,-0.0497166,-0.0195079,0.0103079,0.025562185,0.0408379299999999,0.057196425,0.0764740800000001,0.0999023,0.1256192,0.1685394,0.2042477,0.26101014,-0.28452246,-0.203783825,-0.17640835,-0.132313,-0.10294645,-0.0798163,-0.062014525,-0.04550658,-0.02922007,-0.01279136,0.01405345,0.04175358,0.056222895,0.07092406,0.087951375,0.1058914,0.12580805,0.151371,0.19410895,0.226290325,0.29307234,-0.155065225,-0.1110439,-0.083951515,-0.05775049,-0.03818667,-0.02529916,-0.014499175,-0.004033822,0.005687296,0.01584554,0.03383055,0.05133416,0.06014383,0.06930031,0.0782086,0.08978692,0.10449935,0.1238852,0.1506743,0.17700105,0.2264208
65,1,0.282224341,-0.15594931,-0.0792350525,-0.039631075,0.00311692300000002,0.028292705,0.05004328,0.069781125,0.08859512,0.10522985,0.1223838,0.153083,0.1836864,0.1991211,0.2172665,0.23717425,0.2543586,0.28120285,0.3082249,0.3529732,0.38287055,0.45941703,-0.10291968,-0.03523083,-0.000657824799999996,0.04257752,0.069433765,0.08971966,0.1070785,0.1246176,0.1408097,0.1551362,0.1828405,0.2155216,0.2308018,0.2471138,0.266945,0.2868282,0.3105565,0.3384637,0.37516935,0.411894225,0.477766235,-0.158526935,-0.108024975,-0.082546165,-0.0552964,-0.03638748,-0.02377458,-0.011595825,-0.001607371,0.00791976449999998,0.0164437,0.03546435,0.05258782,0.06056549,0.06945481,0.079743525,0.09088658,0.10251315,0.1197953,0.1504167,0.177895675,0.23205438
66,1,0,-0.315694175,-0.236756225,-0.20364405,-0.1596537,-0.13367545,-0.1104058,-0.090972325,-0.0724146,-0.055558915,-0.0398784,-0.009955125,0.01819822,0.03388034,0.04814372,0.06653715,0.08695772,0.110304,0.1377975,0.1762397,0.214816475,0.278326280000001,-0.29321453,-0.2079287,-0.17090355,-0.1337762,-0.1061701,-0.08381112,-0.0635563,-0.04694018,-0.032871135,-0.01921022,0.0088861,0.0391646,0.052632035,0.06737128,0.083870125,0.103751,0.1258526,0.1483028,0.1881113,0.2231664,0.29196922,-0.184253775,-0.131742775,-0.099655865,-0.06999194,-0.051987735,-0.03652266,-0.0244209,-0.01339178,-0.00346895950000001,0.005451854,0.0235714,0.04055192,0.049714925,0.05849763,0.066991775,0.07823068,0.09342565,0.1095133,0.1318464,0.1574491,0.20413494
67,1,-0.282224341,-0.49431703,-0.407337725,-0.3707646,-0.3308741,-0.30296915,-0.278594,-0.25673775,-0.2383265,-0.2210712,-0.2068438,-0.1761795,-0.1466488,-0.13010775,-0.1151032,-0.095725225,-0.07496292,-0.0520073499999999,-0.02383259,0.0141260699999999,0.0501710175,0.123782945,-0.46374618,-0.38231335,-0.3519642,-0.3132972,-0.2836191,-0.2614354,-0.24393275,-0.2255294,-0.20972165,-0.1948004,-0.166031,-0.1378568,-0.12350355,-0.1087768,-0.0907056,-0.07439028,-0.052308465,-0.02477498,0.01142848,0.045002495,0.121092955,-0.20831122,-0.147586875,-0.11636255,-0.0838612,-0.065417415,-0.04989954,-0.03662255,-0.02573927,-0.0157719,-0.005149252,0.0128258,0.02988912,0.038063165,0.04808804,0.058214575,0.0707609,0.084542325,0.09959206,0.1253295,0.14745135,0.19116651
68,1,0,-0.313925355,-0.241799825,-0.2020669,-0.1595222,-0.13103465,-0.1059822,-0.0864177,-0.06682561,-0.05124966,-0.03445284,-0.00357918,0.02617818,0.04093016,0.05556512,0.074192375,0.09408072,0.11692935,0.1433212,0.1903087,0.2231671,0.295697165,-0.278249525,-0.2158866,-0.18152755,-0.1390011,-0.10944945,-0.08623684,-0.068929625,-0.05105587,-0.03376384,-0.01986208,0.009229065,0.03996868,0.054532395,0.06925238,0.0844526,0.1023434,0.12370445,0.149107,0.18668215,0.225262975,0.305327315,-0.192702705,-0.136075925,-0.10586125,-0.07654004,-0.05973715,-0.04592262,-0.0333605,-0.02306942,-0.01156872,-0.00254768999999999,0.0156496,0.03229616,0.041764965,0.05177832,0.061511825,0.07235406,0.08661892,0.1056774,0.1293875,0.15451735,0.202033445
69,1,-0.281605201000001,-0.50032092,-0.425751875,-0.3858602,-0.3392747,-0.3116475,-0.2866324,-0.26608025,-0.2476031,-0.23098435,-0.2144526,-0.185077,-0.1536366,-0.1369239,-0.120959,-0.1036025,-0.08365964,-0.059347135,-0.02927167,0.0104991049999998,0.0458057300000001,0.12124067,-0.467912375,-0.391800125,-0.35757005,-0.315355,-0.2875223,-0.263932,-0.244775,-0.2281532,-0.2121081,-0.1967968,-0.168954,-0.1410698,-0.125065,-0.109808,-0.091695775,-0.07106492,-0.04948761,-0.02297388,0.016749565,0.0493959600000001,0.11666807,-0.193672405,-0.130708225,-0.105458,-0.07771715,-0.05798388,-0.04120184,-0.0284007,-0.01819545,-0.0091781605,0.000942465600000002,0.0176616,0.03481924,0.04435728,0.05376211,0.06574195,0.07620264,0.08873437,0.1053796,0.13045625,0.153640825,0.201831275
70,1,0.281605201000001,-0.136614885,-0.06977192,-0.034734295,0.00600507000000001,0.03416174,0.05583484,0.07437815,0.09016172,0.10351795,0.1185312,0.149054,0.177609,0.19246125,0.2088829,0.2257485,0.2469686,0.27077995,0.299598,0.34498755,0.3806458,0.466516145,-0.1073402,-0.02853791,0.00180988200000001,0.0434972,0.069026625,0.09079824,0.10844225,0.1250608,0.14055885,0.1539472,0.1833275,0.2108744,0.22661565,0.2418206,0.2607645,0.2794366,0.30261495,0.328436,0.3663559,0.4012978,0.471868445,-0.15488851,-0.10150445,-0.08227276,-0.0552468,-0.037009935,-0.02297882,-0.013026625,-0.003704427,0.00702195849999999,0.01584706,0.03188775,0.0500953,0.059189115,0.06908509,0.0804984,0.09212808,0.1051492,0.1226321,0.14920645,0.17322595,0.220473885
71,1,0,-0.32433399,-0.2607122,-0.2162731,-0.1747815,-0.142529,-0.1199036,-0.10237825,-0.0843272,-0.067843735,-0.05381676,-0.02487035,0.00327121400000001,0.017679505,0.03170422,0.049999525,0.0705632,0.095194505,0.1248712,0.1682984,0.2024387,0.258099290000001,-0.27538912,-0.207937175,-0.1676379,-0.1267474,-0.099577935,-0.07871672,-0.060716675,-0.0422573,-0.026825795,-0.0125856,0.0141136,0.0408327,0.054147375,0.06961997,0.0857994,0.1063014,0.12952555,0.1607063,0.2034006,0.236232525,0.29275526,-0.14635667,-0.0992134575,-0.075383985,-0.04972674,-0.031911445,-0.01744246,-0.0062132075,0.003285465,0.01225154,0.02243118,0.0377085,0.0572189,0.066059905,0.074727,0.085573975,0.0972585600000001,0.1117368,0.1299847,0.1570029,0.181060075,0.229084095
72,1,0,-0.332845445,-0.25358075,-0.21759145,-0.1753943,-0.1463031,-0.1220278,-0.1024305,-0.08532664,-0.068294285,-0.05405054,-0.02659155,0.00475482,0.01954177,0.03584212,0.051726875,0.0706108,0.096178225,0.1220066,0.1612282,0.197232125,0.269303885,-0.27623437,-0.197193025,-0.16177425,-0.1197183,-0.093746985,-0.07071348,-0.0524923,-0.0368751,-0.02186243,-0.00738435999999999,0.0212827,0.04852422,0.064419135,0.07851909,0.095917475,0.1157928,0.1366354,0.1653673,0.20497135,0.235101075,0.31218547,-0.126095475,-0.0868797,-0.065305435,-0.04054408,-0.02493677,-0.01149094,0.00010792365,0.01079495,0.020083885,0.02870388,0.0457606,0.061854,0.071179695,0.08020338,0.091374925,0.1045588,0.11902855,0.1384893,0.1665181,0.192928925,0.238678865
73,1,0.367411635,-0.109223045,-0.0400348675,-0.002554974,0.04030764,0.07209986,0.09582342,0.11339475,0.1295124,0.14560395,0.1611816,0.192856,0.2216714,0.2370825,0.2546029,0.27187575,0.2916186,0.3158158,0.3467303,0.388194,0.4198101,0.483120365,-0.040770589,0.03391405,0.07124574,0.1086629,0.1374628,0.1565308,0.174664,0.190771,0.2068755,0.2198494,0.248101,0.27676,0.2926348,0.3080516,0.32434075,0.343637,0.36343685,0.3934403,0.4367884,0.4683692,0.540684295,-0.123722205,-0.0767179725,-0.05254876,-0.03048434,-0.015378935,-0.00246092,0.0085124025,0.02000461,0.02848623,0.03863122,0.05490995,0.07236198,0.082762415,0.09194701,0.102008,0.1151192,0.1295087,0.1493642,0.17826875,0.2065814,0.26507999
74,1,0,-0.33817298,-0.260759925,-0.2239113,-0.1809161,-0.15389535,-0.1316276,-0.11096,-0.09313497,-0.075572165,-0.05984164,-0.02942115,0.000675429800000034,0.016694815,0.03239292,0.046451825,0.0654028,0.08879144,0.115579,0.15845485,0.195808075,0.268782075,-0.279495195,-0.195226275,-0.1594577,-0.1222113,-0.09498928,-0.0727735,-0.0548319,-0.03809267,-0.02159545,-0.00753549399999999,0.0188856,0.0478397,0.063058235,0.07892131,0.09620265,0.1142418,0.1364323,0.163261,0.2070335,0.244499425,0.31143099,-0.129507645,-0.0818517575,-0.060648745,-0.03598748,-0.01879097,-0.006047472,0.00430507,0.0142042,0.023600915,0.03162338,0.0490692,0.06808992,0.076604515,0.08692357,0.096883175,0.1096782,0.1244024,0.1438827,0.17140635,0.19930795,0.256162285
75,1,0.280792305,-0.147585475,-0.0874388475,-0.05063975,-0.01080257,0.01725264,0.04195012,0.063356175,0.08157617,0.095953755,0.1118202,0.1415845,0.1709942,0.1856844,0.2037326,0.223264,0.2425742,0.26654625,0.2953552,0.33524985,0.37014095,0.44480265,-0.080759439,-0.0294971475,0.00875212250000001,0.04929866,0.075946925,0.1002878,0.1185475,0.134897,0.1505236,0.1640504,0.192112,0.221788,0.2389848,0.2546847,0.2717585,0.2905768,0.31180515,0.3421025,0.3816293,0.414853875,0.49644298,-0.127392545,-0.082675325,-0.05985668,-0.03609026,-0.01994889,-0.007485098,0.0045754675,0.01442999,0.023629745,0.03251242,0.0501422,0.06705484,0.076301255,0.08696872,0.098952975,0.1105704,0.1263562,0.1459952,0.17425825,0.202207675,0.263124170000001
76,1,0.200154557999999,-0.19450672,-0.1290047,-0.09127049,-0.05224932,-0.02140633,0.003789538,0.020706325,0.0389876,0.054585855,0.0709774,0.099428,0.1307582,0.1448511,0.1593401,0.17550325,0.1945156,0.2165866,0.2444826,0.28402655,0.3254573,0.401327045,-0.150738905,-0.08594865,-0.04450733,-0.006482475,0.027051805,0.04997434,0.06689165,0.08325568,0.097689625,0.1114066,0.1411675,0.1685596,0.1853282,0.1997521,0.215949,0.2350546,0.2557192,0.2836897,0.3228534,0.3652242,0.43200875,-0.13231814,-0.09435787,-0.07062467,-0.04717269,-0.030744965,-0.01671408,-0.004939755,0.006164124,0.01507494,0.02409414,0.0408282,0.05810186,0.06624701,0.07677903,0.087340625,0.0997507,0.11316915,0.1321763,0.1590291,0.1870314,0.23485452
77,1,-0.28333466,-0.48939417,-0.418784325,-0.3872576,-0.3427146,-0.3143854,-0.2903008,-0.2702955,-0.2531144,-0.23615965,-0.220981,-0.1921285,-0.1636894,-0.1467449,-0.1302333,-0.113434,-0.0939225999999999,-0.06946059,-0.03942878,0.0029139744999999,0.0451341675,0.11840568,-0.452577915,-0.387585375,-0.3559286,-0.3168483,-0.28622025,-0.264048,-0.24571875,-0.2279054,-0.21208455,-0.1968946,-0.171052,-0.1377632,-0.1223207,-0.1056898,-0.0902092,-0.0727343,-0.051685845,-0.02187125,0.0213361499999999,0.05573868,0.125794405,-0.176372035,-0.1177466,-0.09258325,-0.06457295,-0.04667269,-0.03189736,-0.02106575,-0.01204353,-0.002442671,0.00650841600000001,0.02302345,0.03960644,0.04923009,0.05765552,0.0693783,0.07994504,0.094882775,0.1117864,0.14096725,0.1623755,0.201415715
78,1,0,-0.31244815,-0.23781735,-0.20342385,-0.1643012,-0.1329368,-0.1100942,-0.0907608,-0.07275927,-0.057053325,-0.04324774,-0.0135775,0.01685546,0.03395551,0.05046425,0.0666678,0.08636324,0.1099131,0.1378313,0.1801717,0.2172574,0.296461215,-0.27813304,-0.211232,-0.17278305,-0.1362778,-0.1084519,-0.08546362,-0.068635775,-0.05225856,-0.0367427,-0.02245144,0.006483865,0.03526002,0.050477455,0.06621403,0.0828302,0.1009538,0.124623,0.1535238,0.1937187,0.237073025,0.296632865,-0.165968185,-0.11666845,-0.09639734,-0.07065013,-0.05009143,-0.03726736,-0.025297675,-0.01444413,-0.005273966,0.00385052200000001,0.0209333,0.03606928,0.045558785,0.05507366,0.065025275,0.0755086800000001,0.089346145,0.106089,0.1337444,0.158721,0.200269365
79,1,0,-0.309191825,-0.2408333,-0.20406955,-0.1589731,-0.13316845,-0.108787,-0.089988575,-0.07156923,-0.055353235,-0.03947378,-0.01193205,0.01764996,0.033169215,0.04840419,0.066393525,0.08640814,0.1100246,0.1398011,0.18016225,0.218554075,0.287042425,-0.286428895,-0.205325375,-0.1741776,-0.1348224,-0.10875405,-0.08549316,-0.066531025,-0.0517989,-0.03588887,-0.02052848,0.006823355,0.03527778,0.049489745,0.06662368,0.084111475,0.1006274,0.12296805,0.1462513,0.18708155,0.221759275,0.288544145,-0.17506359,-0.115142975,-0.09446595,-0.06930917,-0.05186906,-0.03875584,-0.02766205,-0.01681182,-0.00660821700000002,0.00139843200000001,0.0184753,0.03493376,0.044279325,0.05392266,0.063585275,0.07489482,0.087657675,0.1050894,0.13353335,0.15772145,0.200935175
80,1,0.083180102,-0.279844665,-0.1927289,-0.1569489,-0.1133334,-0.08210575,-0.05863514,-0.038622125,-0.02066823,-0.0033335965,0.01045376,0.04161755,0.07142352,0.08522213,0.09968746,0.1162645,0.1369524,0.16286425,0.1940267,0.23462615,0.26907375,0.338910365000001,-0.236788995,-0.16428845,-0.129939,-0.08697307,-0.06275969,-0.04102284,-0.021429725,-0.003468622,0.013459745,0.0285696400000001,0.05731565,0.08753898,0.10261005,0.1183937,0.13396175,0.1515982,0.1766185,0.2030905,0.24129045,0.275222875,0.354404495,-0.171256255,-0.1211492,-0.09708289,-0.06869351,-0.052381305,-0.04016148,-0.0285225,-0.01926147,-0.0103149,-0.001179708,0.01720825,0.03311876,0.0413622,0.05117508,0.06177365,0.0733715,0.08702739,0.1062115,0.13391305,0.1583077,0.209602005
81,1,0,-0.3015221,-0.238619675,-0.19650445,-0.1524072,-0.1208887,-0.09786852,-0.07998055,-0.06152163,-0.045902145,-0.0300482,-0.00142782,0.0262489,0.04120668,0.05595964,0.0735676,0.09264184,0.11153355,0.1431081,0.186531,0.226749075,0.30646933,-0.27406813,-0.20841605,-0.1761503,-0.137453,-0.1075586,-0.08625808,-0.066303525,-0.04845986,-0.03391693,-0.01998136,0.00717154,0.03643506,0.050886565,0.0673371199999999,0.08292755,0.10006,0.1244585,0.1490914,0.19157915,0.2277259,0.296826255,-0.182953075,-0.130628775,-0.10488635,-0.07914609,-0.05898002,-0.04490934,-0.033772,-0.02387951,-0.01464047,-0.00684248,0.0101164,0.02807232,0.03651261,0.04602931,0.0569376,0.06840298,0.08370093,0.1022691,0.13366685,0.154605575,0.201492635
82,1,0,-0.312608265,-0.22890815,-0.19730665,-0.1535642,-0.1259431,-0.1030188,-0.08328855,-0.06576543,-0.049765695,-0.03556182,-0.005415245,0.02451786,0.04045173,0.05489508,0.0740111,0.09323016,0.11500575,0.1417944,0.1858244,0.2187342,0.29055781,-0.282026765,-0.215066225,-0.1779385,-0.1389093,-0.1128275,-0.0923592,-0.073358825,-0.05594056,-0.039621615,-0.0243126,0.00534144,0.03397616,0.047397205,0.06245827,0.077467325,0.095487,0.1140174,0.1415686,0.1831682,0.219495175,0.289699295,-0.182824615,-0.132305325,-0.10890485,-0.08036833,-0.063186575,-0.0501557,-0.038037125,-0.02834993,-0.018293235,-0.01035876,0.00722765,0.02482642,0.03518715,0.04541541,0.055947225,0.06770332,0.080803325,0.09939268,0.12758085,0.149554525,0.204468395
83,1,0,-0.299920385,-0.23406365,-0.1913937,-0.1506537,-0.1236504,-0.09635784,-0.0779032,-0.05957174,-0.04481805,-0.0301958,-0.0009071205,0.02863168,0.043615335,0.0600864199999999,0.079260825,0.09765064,0.12104365,0.1501778,0.19027,0.2233885,0.29668804,-0.27780903,-0.214678025,-0.17544775,-0.1376476,-0.1082947,-0.08764678,-0.0682993,-0.05288801,-0.03777095,-0.02320996,0.004711375,0.03121482,0.04527486,0.0621792,0.078192175,0.09773764,0.12080725,0.1507834,0.1901893,0.226247625,0.28953922,-0.19806942,-0.142411825,-0.11468935,-0.08632111,-0.06581995,-0.05199796,-0.0408162,-0.0304208,-0.01975165,-0.0102592,0.00571751,0.02287642,0.03329067,0.0432046,0.05384805,0.06441644,0.077725915,0.0963442899999999,0.12708845,0.151579425,0.201420445
84,1,0,-0.305419315,-0.2298389,-0.1967711,-0.1563005,-0.12545815,-0.09950908,-0.082874325,-0.06382918,-0.046832845,-0.03095512,-1.4830665e-05,0.02890734,0.043044115,0.06007657,0.075575475,0.0970839,0.11876815,0.1487963,0.18987985,0.229606075,0.307638335000001,-0.29477776,-0.221408625,-0.18529225,-0.1414229,-0.1146976,-0.09430876,-0.07540335,-0.05786825,-0.042177265,-0.02706872,1.700105e-06,0.02944822,0.04317728,0.05840254,0.0752008,0.09465822,0.11678025,0.1462183,0.18513405,0.225372625,0.28354279,-0.199121145,-0.143004275,-0.11833445,-0.08958146,-0.072238625,-0.05666056,-0.0444196,-0.03325759,-0.02318823,-0.01472202,0.00410011,0.02146108,0.03008305,0.04091257,0.05118285,0.06181294,0.0752501,0.0929631,0.12289075,0.14782185,0.203359665
85,1,0,-0.29237012,-0.233104,-0.19726835,-0.147722,-0.1178341,-0.09440266,-0.0751537,-0.0594762,-0.044370705,-0.02853424,9.737895e-05,0.03049064,0.04707317,0.06135711,0.07945435,0.0976739800000001,0.12140345,0.1521101,0.19465895,0.231624025,0.29019754,-0.282664265,-0.22472295,-0.18941355,-0.1448499,-0.11741665,-0.09534546,-0.0752226,-0.05715219,-0.04071798,-0.02612486,0.001184415,0.03119694,0.045896305,0.06229064,0.078595475,0.0973451600000001,0.1186739,0.1439079,0.1868515,0.219333025,0.283665595000001,-0.204358685,-0.1519281,-0.12423025,-0.09424984,-0.07586247,-0.05998306,-0.048735175,-0.03720428,-0.02634975,-0.0175949,-0.0001182418,0.018922,0.02862247,0.03866131,0.048685825,0.06062962,0.076366835,0.09410868,0.12068165,0.14091005,0.19702147
86,1,-0.188894197000001,-0.427081415,-0.345199325,-0.30647885,-0.2662141,-0.2389762,-0.2173434,-0.19590475,-0.1771847,-0.1618113,-0.1466228,-0.1186315,-0.08751326,-0.072547955,-0.05640839,-0.038851975,-0.01920026,0.00711478250000001,0.03419378,0.07471383,0.112176125,0.1909872,-0.40424137,-0.33391885,-0.3045921,-0.2616654,-0.2345127,-0.2137456,-0.1966555,-0.1803109,-0.16473685,-0.1479468,-0.1197055,-0.09157218,-0.076507075,-0.06128798,-0.04586275,-0.02732222,-0.00363006099999997,0.02546252,0.064689705,0.105921675,0.183860235000001,-0.212392745,-0.1518333,-0.12621745,-0.09850016,-0.0800166,-0.06397006,-0.05150085,-0.04065535,-0.029974795,-0.02040398,-0.0009954875,0.01726348,0.02683328,0.03715851,0.046578975,0.05827558,0.072419685,0.09059327,0.1180028,0.144234375,0.19063394
87,1,0.278658331,-0.12538303,-0.05509365,-0.018996805,0.02090254,0.05014917,0.07115808,0.091686025,0.110593,0.1276742,0.1434532,0.1713645,0.2005902,0.2150388,0.2306286,0.24803225,0.2677284,0.2934849,0.3231967,0.3700736,0.411378225,0.48560247,-0.11754849,-0.0461974475,-0.00938033049999999,0.02897087,0.053404485,0.07627604,0.09568225,0.1130352,0.1295278,0.1439306,0.1738525,0.2037608,0.219043,0.2364185,0.252582,0.2719066,0.2910148,0.3194195,0.353979,0.385761325,0.465047995,-0.20025792,-0.155743875,-0.12843025,-0.09873917,-0.07743001,-0.06134766,-0.048031425,-0.03764728,-0.026460065,-0.01765398,0.002532715,0.02112154,0.031606255,0.04205852,0.053799675,0.06754552,0.081291545,0.1001947,0.1269147,0.1531315,0.206468235
88,1,-0.180204741,-0.42557155,-0.3463952,-0.30582255,-0.2574496,-0.23133165,-0.2097854,-0.18847025,-0.1704832,-0.15422645,-0.1381458,-0.1080435,-0.07837406,-0.062139195,-0.04695044,-0.02886975,-0.01040904,0.010270085,0.03958412,0.0795580749999999,0.116738925,0.18185728,-0.387806345,-0.328371925,-0.2921886,-0.2569694,-0.2315435,-0.209389,-0.188206,-0.1726331,-0.1569603,-0.1412852,-0.112411,-0.08429318,-0.07053428,-0.05678198,-0.04206315,-0.02137352,-0.000855982149999932,0.02517613,0.067465405,0.0986880200000001,0.16438221,-0.22817821,-0.1683615,-0.1399718,-0.1083806,-0.08807703,-0.07258026,-0.057354925,-0.04459843,-0.034861785,-0.02380046,-0.00369507,0.0162121,0.02616745,0.03693021,0.050889475,0.0637372400000001,0.07786204,0.09690419,0.1283733,0.156418925,0.21428264
89,1,0,-0.307088735,-0.2395167,-0.2039163,-0.152712,-0.11907045,-0.09743994,-0.0776377,-0.05905488,-0.04276475,-0.02862794,0.004297295,0.03621288,0.05134332,0.06808829,0.0856785,0.1059638,0.1293706,0.159034,0.20023745,0.2334573,0.31345114,-0.291142455,-0.22157385,-0.1854097,-0.1458325,-0.1162719,-0.0944167,-0.07776215,-0.06019752,-0.042680625,-0.02771772,0.001723915,0.0279348,0.042953105,0.0591069199999999,0.07466275,0.09292594,0.11544325,0.1457397,0.18338455,0.21903085,0.28987173,-0.23141318,-0.175283725,-0.1453792,-0.1127887,-0.091540695,-0.07577614,-0.06080155,-0.04883841,-0.03532947,-0.02578728,-0.003700285,0.01870852,0.029482405,0.04154077,0.054716025,0.0680012,0.083623525,0.1053181,0.1392821,0.163244625,0.22423578
90,1,0,-0.31640835,-0.2345216,-0.1984168,-0.1569392,-0.1226491,-0.09800636,-0.0757731,-0.0607673,-0.045086355,-0.03061236,0.002106815,0.03446546,0.049485035,0.0664422,0.086074675,0.1095924,0.13374995,0.1591268,0.20074105,0.24004655,0.327627775,-0.29765986,-0.227587075,-0.18954245,-0.1469634,-0.11786405,-0.09590656,-0.075804375,-0.06024973,-0.046639565,-0.03091628,-0.000625134,0.02926438,0.04358271,0.06096097,0.0786245,0.09930132,0.12036925,0.1436266,0.1875865,0.224680375,0.287401235,-0.249892155,-0.191024425,-0.1591939,-0.1243289,-0.099912975,-0.0821394,-0.06440095,-0.05129453,-0.0373137,-0.02504262,-0.000696016,0.02094152,0.031875645,0.04457776,0.0592892,0.07445756,0.09333099,0.1157855,0.1490356,0.179533125,0.25376245
