time,Y,alpha_0.5%,alpha_2.5%,alpha_5%,alpha_10%,alpha_15%,alpha_20%,alpha_25%,alpha_50%,alpha_75%,alpha_80%,alpha_85%,alpha_90%,alpha_95%,alpha_97.5%,alpha_99.5%,b_ex_0.5%,b_ex_2.5%,b_ex_5%,b_ex_10%,b_ex_15%,b_ex_20%,b_ex_25%,b_ex_50%,b_ex_75%,b_ex_80%,b_ex_85%,b_ex_90%,b_ex_95%,b_ex_97.5%,b_ex_99.5%
-28,0.0860405800000006,0,0,0,0,0,0,0,0,0,0,0,0,0,0,0,0,0,0,0,0,0,0,0,0,0,0,0,0,0,0
-27,0.139837689999998,0,0,0,0,0,0,0,0,0,0,0,0,0,0,0,0,0,0,0,0,0,0,0,0,0,0,0,0,0,0
-26,0.100835500000001,0,0,0,0,0,0,0,0,0,0,0,0,0,0,0,0,0,0,0,0,0,0,0,0,0,0,0,0,0,0
-25,0.22019278,0,0,0,0,0,0,0,0,0,0,0,0,0,0,0,0,0,0,0,0,0,0,0,0,0,0,0,0,0,0
-24,0.10190893,0,0,0,0,0,0,0,0,0,0,0,0,0,0,0,0,0,0,0,0,0,0,0,0,0,0,0,0,0,0
-23,0.122547150000001,0,0,0,0,0,0,0,0,0,0,0,0,0,0,0,0,0,0,0,0,0,0,0,0,0,0,0,0,0,0
-22,0.0148845699999995,0,0,0,0,0,0,0,0,0,0,0,0,0,0,0,0,0,0,0,0,0,0,0,0,0,0,0,0,0,0
-21,0.0545279900000004,0,0,0,0,0,0,0,0,0,0,0,0,0,0,0,0,0,0,0,0,0,0,0,0,0,0,0,0,0,0
-20,-0.0334159100000004,0,0,0,0,0,0,0,0,0,0,0,0,0,0,0,0,0,0,0,0,0,0,0,0,0,0,0,0,0,0
-19,0.0236089800000006,0,0,0,0,0,0,0,0,0,0,0,0,0,0,0,0,0,0,0,0,0,0,0,0,0,0,0,0,0,0
-18,-0.0581432700000004,0,0,0,0,0,0,0,0,0,0,0,0,0,0,0,0,0,0,0,0,0,0,0,0,0,0,0,0,0,0
-17,-0.0364574100000006,0,0,0,0,0,0,0,0,0,0,0,0,0,0,0,0,0,0,0,0,0,0,0,0,0,0,0,0,0,0
-16,0.114077399999999,0,0,0,0,0,0,0,0,0,0,0,0,0,0,0,0,0,0,0,0,0,0,0,0,0,0,0,0,0,0
-15,0.0989513500000001,0,0,0,0,0,0,0,0,0,0,0,0,0,0,0,0,0,0,0,0,0,0,0,0,0,0,0,0,0,0
-14,0.17924552,0,0,0,0,0,0,0,0,0,0,0,0,0,0,0,0,0,0,0,0,0,0,0,0,0,0,0,0,0,0
-13,0.19893948,0,0,0,0,0,0,0,0,0,0,0,0,0,0,0,0,0,0,0,0,0,0,0,0,0,0,0,0,0,0
-12,0.286738360000001,0,0,0,0,0,0,0,0,0,0,0,0,0,0,0,0,0,0,0,0,0,0,0,0,0,0,0,0,0,0
-11,0.0615676100000009,0,0,0,0,0,0,0,0,0,0,0,0,0,0,0,0,0,0,0,0,0,0,0,0,0,0,0,0,0,0
-10,-0.00547394000000168,0,0,0,0,0,0,0,0,0,0,0,0,0,0,0,0,0,0,0,0,0,0,0,0,0,0,0,0,0,0
-9,0.0584853699999997,0,0,0,0,0,0,0,0,0,0,0,0,0,0,0,0,0,0,0,0,0,0,0,0,0,0,0,0,0,0
-8,0.13428901,0,0,0,0,0,0,0,0,0,0,0,0,0,0,0,0,0,0,0,0,0,0,0,0,0,0,0,0,0,0
-7,0.0697854600000021,0,0,0,0,0,0,0,0,0,0,0,0,0,0,0,0,0,0,0,0,0,0,0,0,0,0,0,0,0,0
-6,0.14039502,0,0,0,0,0,0,0,0,0,0,0,0,0,0,0,0,0,0,0,0,0,0,0,0,0,0,0,0,0,0
-5,-0.00287395000000146,0,0,0,0,0,0,0,0,0,0,0,0,0,0,0,0,0,0,0,0,0,0,0,0,0,0,0,0,0,0
-4,0.211527190000002,0,0,0,0,0,0,0,0,0,0,0,0,0,0,0,0,0,0,0,0,0,0,0,0,0,0,0,0,0,0
-3,0.0705487699999985,0,0,0,0,0,0,0,0,0,0,0,0,0,0,0,0,0,0,0,0,0,0,0,0,0,0,0,0,0,0
-2,0.0715519399999991,0,0,0,0,0,0,0,0,0,0,0,0,0,0,0,0,0,0,0,0,0,0,0,0,0,0,0,0,0,0
-1,-0.221198019999999,0,0,0,0,0,0,0,0,0,0,0,0,0,0,0,0,0,0,0,0,0,0,0,0,0,0,0,0,0,0
0,0.2447211,0,0,0,0,0,0,0,0,0,0,0,0,0,0,0,0,0,0,0,0,0,0,0,0,0,0,0,0,0,0
1,-0.145904009999999,-0.134521499501513,-0.103676260800538,-0.087894150821344,-0.0696983887630326,-0.057421794486864,-0.0476647465321235,-0.0392940681709796,-0.00551266060667431,0.028268746957631,0.0366394253187749,0.0463964732735154,0.058673067549684,0.0768688296079954,0.0926509395871897,0.123496178288164,-0.134521499501513,-0.103676260800538,-0.087894150821344,-0.0696983887630326,-0.057421794486864,-0.0476647465321235,-0.0392940681709796,-0.00551266060667431,0.028268746957631,0.0366394253187749,0.0463964732735154,0.058673067549684,0.0768688296079954,0.0926509395871897,0.123496178288164
2,0.0556392700000004,-0.12379188499385,-0.0945797262247914,-0.0796331891954506,-0.0624007892349789,-0.050774170792651,-0.0415337030259938,-0.0336062044690533,-0.00161333027613612,0.030379543916781,0.0383070424737216,0.0475475102403787,0.0591741286827066,0.0764065286431783,0.0913530656725192,0.120565224441578,-0.12379188499385,-0.0945797262247914,-0.0796331891954506,-0.0624007892349789,-0.050774170792651,-0.0415337030259938,-0.0336062044690533,-0.00161333027613612,0.030379543916781,0.0383070424737216,0.0475475102403787,0.0591741286827066,0.0764065286431783,0.0913530656725192,0.120565224441578
3,0.0552278699999995,-0.116460998891707,-0.0884680405254415,-0.0741453130580917,-0.0576321255714054,-0.0464907563706715,-0.0376359493185194,-0.0300393133147429,0.000618304370399797,0.0312759220555425,0.0388725580593189,0.0477273651114711,0.0588687343122049,0.0753819217988913,0.0897046492662411,0.117697607632506,-0.116460998891707,-0.0884680405254415,-0.0741453130580917,-0.0576321255714054,-0.0464907563706715,-0.0376359493185194,-0.0300393133147429,0.000618304370399797,0.0312759220555425,0.0388725580593189,0.0477273651114711,0.0588687343122049,0.0753819217988913,0.0897046492662411,0.117697607632506
4,0.0149124900000004,-0.11205442595308,-0.0849618108679115,-0.0710997482318198,-0.0551176777928068,-0.0443346507426543,-0.0357646426721069,-0.0284123388355651,0.00125923158240053,0.0309308020003662,0.0382831058369079,0.0468531139074553,0.0576361409576078,0.0736182113966209,0.0874802740327125,0.114572889117881,-0.11205442595308,-0.0849618108679115,-0.0710997482318198,-0.0551176777928068,-0.0443346507426543,-0.0357646426721069,-0.0284123388355651,0.00125923158240053,0.0309308020003662,0.0382831058369079,0.0468531139074553,0.0576361409576078,0.0736182113966209,0.0874802740327125,0.114572889117881
5,-0.172101829999999,-0.109055412695717,-0.082621690011247,-0.0690967527393999,-0.0535033662545414,-0.0429825824229757,-0.0346209969492819,-0.0274475011425407,0.00150245668085918,0.030452414504259,0.0376259103110003,0.0459874957846941,0.0565082796162598,0.0721016661011182,0.0856266033729654,0.112060326057436,-0.109055412695717,-0.082621690011247,-0.0690967527393999,-0.0535033662545414,-0.0429825824229757,-0.0346209969492819,-0.0274475011425407,0.00150245668085918,0.030452414504259,0.0376259103110003,0.0459874957846941,0.0565082796162598,0.0721016661011182,0.0856266033729654,0.112060326057436
6,-0.0523719100000015,-0.101753095921476,-0.0757980917365054,-0.0625180930135673,-0.0472071049887838,-0.0368768540575411,-0.0286666980930081,-0.0216231153215876,0.00680255462396721,0.035228224569522,0.0422718073409425,0.0504819633054755,0.0608122142367183,0.0761232022615018,0.0894032009844398,0.115358205169411,-0.101753095921476,-0.0757980917365054,-0.0625180930135673,-0.0472071049887838,-0.0368768540575411,-0.0286666980930081,-0.0216231153215876,0.00680255462396721,0.035228224569522,0.0422718073409425,0.0504819633054755,0.0608122142367183,0.0761232022615018,0.0894032009844398,0.115358205169411
7,0.0476412599999989,-0.093282756988386,-0.0676736175295581,-0.0545705821039001,-0.0394636214274626,-0.0292710267795269,-0.0211702756651734,-0.0142205525136143,0.0138263297237558,0.0418732119611258,0.0488229351126849,0.0569236862270384,0.0671162808749741,0.0822232415514116,0.0953262769770696,0.120935416435898,-0.093282756988386,-0.0676736175295581,-0.0545705821039001,-0.0394636214274626,-0.0292710267795269,-0.0211702756651734,-0.0142205525136143,0.0138263297237558,0.0418732119611258,0.0488229351126849,0.0569236862270384,0.0671162808749741,0.0822232415514116,0.0953262769770696,0.120935416435898
8,0.25842338,-0.0862033018931252,-0.0608429794395585,-0.0478672523929924,-0.0329070701243242,-0.0228135061712785,-0.0147914615138865,-0.00790926149424466,0.0198651187616967,0.047639499017638,0.0545216990372799,0.0625437436946719,0.0726373076477176,0.0875974899163857,0.100573216962952,0.125933539416519,-0.0862033018931252,-0.0608429794395585,-0.0478672523929924,-0.0329070701243242,-0.0228135061712785,-0.0147914615138865,-0.00790926149424466,0.0198651187616967,0.047639499017638,0.0545216990372799,0.0625437436946719,0.0726373076477176,0.0875974899163857,0.100573216962952,0.125933539416519
9,0.18302641,-0.0863671302402118,-0.0611852394309256,-0.0483008077658316,-0.0334458832250896,-0.0234233361613633,-0.0154577334763213,-0.00862395564326723,0.0189550079989061,0.0465339716410795,0.0533677494741336,0.0613333521591756,0.0713558992229018,0.0862108237636439,0.0990952554287379,0.124277146238024,-0.0863671302402118,-0.0611852394309256,-0.0483008077658316,-0.0334458832250896,-0.0234233361613633,-0.0154577334763213,-0.00862395564326723,0.0189550079989061,0.0465339716410795,0.0533677494741336,0.0613333521591756,0.0713558992229018,0.0862108237636439,0.0990952554287379,0.124277146238024
10,0.0356045800000011,-0.0915225115533166,-0.0664682781555568,-0.0536491629993704,-0.0388695442102755,-0.0288978055796708,-0.0209725838266136,-0.0141734492376162,0.0132657052401937,0.0407048597180035,0.047503994307001,0.0554292160600581,0.0654009546906629,0.0801805734797578,0.0929996886359442,0.118053922033704,-0.0915225115533166,-0.0664682781555568,-0.0536491629993704,-0.0388695442102755,-0.0288978055796708,-0.0209725838266136,-0.0141734492376162,0.0132657052401937,0.0407048597180035,0.047503994307001,0.0554292160600581,0.0654009546906629,0.0801805734797578,0.0929996886359442,0.118053922033704
11,-0.14427731,-0.0974811800681958,-0.0725181221417264,-0.0597456573398868,-0.0450198234216836,-0.0350843731881253,-0.027187992302675,-0.0204136006100447,0.00692569937205541,0.0342649993541555,0.0410393910467858,0.0489357719322361,0.0588712221657944,0.0735970560839976,0.0863695208858372,0.111332578812307,-0.0974811800681958,-0.0725181221417264,-0.0597456573398868,-0.0450198234216836,-0.0350843731881253,-0.027187992302675,-0.0204136006100447,0.00692569937205541,0.0342649993541555,0.0410393910467858,0.0489357719322361,0.0588712221657944,0.0735970560839976,0.0863695208858372,0.111332578812307
12,0.04347821,-0.0991448119971291,-0.0742467928761635,-0.0615076054819435,-0.0468201382835111,-0.0369105738936357,-0.0290347662561467,-0.0222780245783905,0.00499004553197748,0.0322581156423454,0.0390148573201017,0.0468906649575907,0.0568002293474661,0.0714876965458984,0.0842268839401184,0.109124903061084,-0.0991448119971291,-0.0742467928761635,-0.0615076054819435,-0.0468201382835111,-0.0369105738936357,-0.0290347662561467,-0.0222780245783905,0.00499004553197748,0.0322581156423454,0.0390148573201017,0.0468906649575907,0.0568002293474661,0.0714876965458984,0.0842268839401184,0.109124903061084
13,0.0973681299999996,-0.102007707009964,-0.0771560411083616,-0.064440570554623,-0.049780447354347,-0.0398893318302118,-0.0320281867663722,-0.0252840242712268,0.00193328024091023,0.0291505847530472,0.0358947472481926,0.0437558923120323,0.0536470078361675,0.0683071310364435,0.081022601590182,0.105874267491784,-0.102007707009964,-0.0771560411083616,-0.064440570554623,-0.049780447354347,-0.0398893318302118,-0.0320281867663722,-0.0252840242712268,0.00193328024091023,0.0291505847530472,0.0358947472481926,0.0437558923120323,0.0536470078361675,0.0683071310364435,0.081022601590182,0.105874267491784
14,0.01632927,-0.107706285377212,-0.0828876343259352,-0.0701890559740641,-0.0555484084006991,-0.04567043298958,-0.0378197312710154,-0.031084528236223,-0.0039033812693507,0.0232777656975216,0.0300129687323141,0.0378636704508786,0.0477416458619977,0.0623822934353628,0.0750808717872338,0.0998995228385102,-0.107706285377212,-0.0828876343259352,-0.0701890559740641,-0.0555484084006991,-0.04567043298958,-0.0378197312710154,-0.031084528236223,-0.0039033812693507,0.0232777656975216,0.0300129687323141,0.0378636704508786,0.0477416458619977,0.0623822934353628,0.0750808717872338,0.0998995228385102
15,0.222367770000002,-0.114033994386151,-0.0892388472285595,-0.0765522947533129,-0.061925512245512,-0.0520568915283044,-0.0442136246239109,-0.0374847999976689,-0.0103293942681917,0.0168260114612856,0.0235548360875276,0.0313981029919211,0.0412667237091287,0.0558935062169295,0.0685800586921762,0.0933752058497679,-0.114033994386151,-0.0892388472285595,-0.0765522947533129,-0.061925512245512,-0.0520568915283044,-0.0442136246239109,-0.0374847999976689,-0.0103293942681917,0.0168260114612856,0.0235548360875276,0.0313981029919211,0.0412667237091287,0.0558935062169295,0.0685800586921762,0.0933752058497679
16,-0.302302360000002,-0.127168219300403,-0.102389799531446,-0.0897118057024681,-0.0750948907656857,-0.0652329276517979,-0.0573949519994726,-0.0506706667963631,-0.0235335807413889,0.00360350531358519,0.0103277905166948,0.01816576616902,0.0280277292829078,0.0426446442196903,0.0553226380486685,0.080101057817625,-0.127168219300403,-0.102389799531446,-0.0897118057024681,-0.0750948907656857,-0.0652329276517979,-0.0573949519994726,-0.0506706667963631,-0.0235335807413889,0.00360350531358519,0.0103277905166948,0.01816576616902,0.0280277292829078,0.0426446442196903,0.0553226380486685,0.080101057817625
17,0.183137430000002,-0.132202445520862,-0.107435927617856,-0.0947640234339996,-0.0801541294680382,-0.0702969033698313,-0.0624626925474028,-0.0557416372331178,-0.028617585986801,-0.0014935347404843,0.00522752057380069,0.0130617313962292,0.0229189574944362,0.0375288514603975,0.0502007556442537,0.0749672735472595,-0.132202445520862,-0.107435927617856,-0.0947640234339996,-0.0801541294680382,-0.0702969033698313,-0.0624626925474028,-0.0557416372331178,-0.028617585986801,-0.0014935347404843,0.00522752057380069,0.0130617313962292,0.0229189574944362,0.0375288514603975,0.0502007556442537,0.0749672735472595
18,0.0175269,-0.143419193144038,-0.118661142243034,-0.10599357024017,-0.091388671001443,-0.0815348148219884,-0.0737032823041555,-0.0669845247367329,-0.0398697464692464,-0.0127549682017599,-0.00603621063433726,0.00179532188349554,0.0116491780629502,0.0262540773016775,0.0389216493045417,0.0636797002055451,-0.143419193144038,-0.118661142243034,-0.10599357024017,-0.091388671001443,-0.0815348148219884,-0.0737032823041555,-0.0669845247367329,-0.0398697464692464,-0.0127549682017599,-0.00603621063433726,0.00179532188349554,0.0116491780629502,0.0262540773016775,0.0389216493045417,0.0636797002055451
19,0.0943437999999972,-0.156318055429489,-0.131566027249806,-0.118901536800344,-0.104300190395334,-0.0944487312959221,-0.086619103901318,-0.0799019807599902,-0.052793798518735,-0.0256856162774797,-0.0189684931361519,-0.0111388657415478,-0.00128740664213552,0.0133139397628738,0.0259784302123359,0.0507304583920187,-0.156318055429489,-0.131566027249806,-0.118901536800344,-0.104300190395334,-0.0944487312959221,-0.086619103901318,-0.0799019807599902,-0.052793798518735,-0.0256856162774797,-0.0189684931361519,-0.0111388657415478,-0.00128740664213552,0.0133139397628738,0.0259784302123359,0.0507304583920187
20,-0.0662691299999985,-0.173510122850269,-0.148762378372118,-0.136100079698487,-0.121501260270641,-0.111651506110724,-0.103823233747983,-0.0971072731033393,-0.0700037823306351,-0.0429002915579309,-0.0361843309132873,-0.0283560585505464,-0.0185063043906293,-0.00390748496278331,0.0087548137108478,0.0335025581889992,-0.173510122850269,-0.148762378372118,-0.136100079698487,-0.121501260270641,-0.111651506110724,-0.103823233747983,-0.0971072731033393,-0.0700037823306351,-0.0429002915579309,-0.0361843309132873,-0.0283560585505464,-0.0185063043906293,-0.00390748496278331,0.0087548137108478,0.0335025581889992
21,-0.168848579999999,-0.190816149962039,-0.166071452112633,-0.153410712260783,-0.138813690054618,-0.128965148471636,-0.121137839826604,-0.114422705965944,-0.087322551831622,-0.0602223976973,-0.0535072638366397,-0.0456799551916077,-0.0358314136086262,-0.0212343914024609,-0.00857365155061089,0.0161710462987947,-0.190816149962039,-0.166071452112633,-0.153410712260783,-0.138813690054618,-0.128965148471636,-0.121137839826604,-0.114422705965944,-0.087322551831622,-0.0602223976973,-0.0535072638366397,-0.0456799551916077,-0.0358314136086262,-0.0212343914024609,-0.00857365155061089,0.0161710462987947
22,-0.321089090000001,-0.20575110741012,-0.181008576273197,-0.168348945029876,-0.153753200978345,-0.143905521760227,-0.136078898495451,-0.129364352630023,-0.102266571458289,-0.0751687902865551,-0.0684542444211271,-0.0606276211563511,-0.0507799419382333,-0.0361841978867021,-0.0235245666433809,0.00121796449354182,-0.20575110741012,-0.181008576273197,-0.168348945029876,-0.153753200978345,-0.143905521760227,-0.136078898495451,-0.129364352630023,-0.102266571458289,-0.0751687902865551,-0.0684542444211271,-0.0606276211563511,-0.0507799419382333,-0.0361841978867021,-0.0235245666433809,0.00121796449354182
23,0.0353861000000002,-0.214314659731065,-0.189573669477625,-0.176914826634511,-0.162319991557927,-0.15247292562089,-0.144646789772476,-0.137932662066886,-0.110836568455863,-0.0837404748448392,-0.0770263471392494,-0.0692002112908354,-0.0593531453537988,-0.0447583102772144,-0.0320994674341006,-0.00735847718066031,-0.214314659731065,-0.189573669477625,-0.176914826634511,-0.162319991557927,-0.15247292562089,-0.144646789772476,-0.137932662066886,-0.110836568455863,-0.0837404748448392,-0.0770263471392494,-0.0692002112908354,-0.0593531453537988,-0.0447583102772144,-0.0320994674341006,-0.00735847718066031
24,-0.0589533400000022,-0.22713935462877,-0.202399460169203,-0.189741177994125,-0.17514698933188,-0.165300359527528,-0.157474570303547,-0.150760739970856,-0.123665846462701,-0.0965709529545449,-0.0898571226218543,-0.082031333397873,-0.0721847035935218,-0.0575905149312761,-0.0449322327561986,-0.0201923382966312,-0.22713935462877,-0.202399460169203,-0.189741177994125,-0.17514698933188,-0.165300359527528,-0.157474570303547,-0.150760739970856,-0.123665846462701,-0.0965709529545449,-0.0898571226218543,-0.082031333397873,-0.0721847035935218,-0.0575905149312761,-0.0449322327561986,-0.0201923382966312
25,-0.307511209999998,-0.241850366721067,-0.217111251519293,-0.204453368055094,-0.189859639080955,-0.180013319425987,-0.172187776698904,-0.165474157838603,-0.138380117766058,-0.111286077693512,-0.104572458833212,-0.0967469161061284,-0.0869005964511606,-0.0723068674770219,-0.0596489840128222,-0.0349098688110481,-0.241850366721067,-0.217111251519293,-0.204453368055094,-0.189859639080955,-0.180013319425987,-0.172187776698904,-0.165474157838603,-0.138380117766058,-0.111286077693512,-0.104572458833212,-0.0967469161061284,-0.0869005964511606,-0.0723068674770219,-0.0596489840128222,-0.0349098688110481
26,-0.0278462499999996,-0.251635745950779,-0.226897184900481,-0.214239584970464,-0.199646182893079,-0.189800083793799,-0.181974716357385,-0.17526124788087,-0.14816781470967,-0.12107438153847,-0.114360913061955,-0.106535545625541,-0.096689446526261,-0.0820960444488761,-0.069438444518859,-0.0446998834685611,-0.251635745950779,-0.226897184900481,-0.214239584970464,-0.199646182893079,-0.189800083793799,-0.181974716357385,-0.17526124788087,-0.14816781470967,-0.12107438153847,-0.114360913061955,-0.106535545625541,-0.096689446526261,-0.0820960444488761,-0.069438444518859,-0.0446998834685611
27,-0.39524612,-0.264926609403323,-0.240188442421844,-0.227531044118973,-0.212937874504774,-0.203091932247303,-0.195266689463785,-0.188553327928357,-0.161460326337522,-0.134367324746687,-0.127653963211259,-0.119828720427742,-0.10998277817027,-0.0953896085560714,-0.0827322102532002,-0.0579940432717213,-0.264926609403323,-0.240188442421844,-0.227531044118973,-0.212937874504774,-0.203091932247303,-0.195266689463785,-0.188553327928357,-0.161460326337522,-0.134367324746687,-0.127653963211259,-0.119828720427742,-0.10998277817027,-0.0953896085560714,-0.0827322102532002,-0.0579940432717213
28,-0.403984110000001,-0.271408065118544,-0.246670178365688,-0.234012923443096,-0.219419919137177,-0.209574088412417,-0.201748934271563,-0.195035648783647,-0.167942954096493,-0.14085025940934,-0.134136973921424,-0.12631181978057,-0.11646598905581,-0.10187298474989,-0.0892157298272986,-0.0644778430744425,-0.271408065118544,-0.246670178365688,-0.234012923443096,-0.219419919137177,-0.209574088412417,-0.201748934271563,-0.195035648783647,-0.167942954096493,-0.14085025940934,-0.134136973921424,-0.12631181978057,-0.11646598905581,-0.10187298474989,-0.0892157298272986,-0.0644778430744425
29,-0.37419364,-0.271014279712141,-0.246276592232859,-0.233619439269519,-0.219026552516088,-0.209180801103433,-0.201355709997326,-0.194642478587611,-0.167550002142952,-0.140457525698293,-0.133744294288578,-0.125919203182471,-0.116073451769816,-0.101480565016385,-0.0888234120530449,-0.0640857245737633,-0.271014279712141,-0.246276592232859,-0.233619439269519,-0.219026552516088,-0.209180801103433,-0.201355709997326,-0.194642478587611,-0.167550002142952,-0.140457525698293,-0.133744294288578,-0.125919203182471,-0.116073451769816,-0.101480565016385,-0.0888234120530449,-0.0640857245737633
30,-0.219347690000001,-0.264601467816744,-0.239863922041677,-0.227206841581958,-0.212614038420558,-0.20276834340705,-0.194943297125197,-0.1882301041707,-0.161137782919128,-0.134045461667556,-0.127332268713059,-0.119507222431206,-0.109661527417698,-0.0950687242562982,-0.0824116437965794,-0.0576740980215119,-0.264601467816744,-0.239863922041677,-0.227206841581958,-0.212614038420558,-0.20276834340705,-0.194943297125197,-0.1882301041707,-0.161137782919128,-0.134045461667556,-0.127332268713059,-0.119507222431206,-0.109661527417698,-0.0950687242562982,-0.0824116437965794,-0.0576740980215119
31,-0.393852169999999,-0.256493246330425,-0.231755801320222,-0.219098772417315,-0.204506028697617,-0.194660373789143,-0.1868353593815,-0.180122193772237,-0.153029982877372,-0.125937771982507,-0.119224606373243,-0.111399591965601,-0.101553937057127,-0.0869611933374291,-0.0743041644345222,-0.0495667194243191,-0.256493246330425,-0.231755801320222,-0.219098772417315,-0.204506028697617,-0.194660373789143,-0.1868353593815,-0.180122193772237,-0.153029982877372,-0.125937771982507,-0.119224606373243,-0.111399591965601,-0.101553937057127,-0.0869611933374291,-0.0743041644345222,-0.0495667194243191
32,0.0211302199999999,-0.241370301518364,-0.216632928159339,-0.203975935917091,-0.189383234464786,-0.17953760807392,-0.171712616331169,-0.164999470166364,-0.137907337743178,-0.110815205319991,-0.104102059155186,-0.0962770674124347,-0.0864314410215695,-0.0718387395692637,-0.0591817473270158,-0.0344443739679909,-0.241370301518364,-0.216632928159339,-0.203975935917091,-0.189383234464786,-0.17953760807392,-0.171712616331169,-0.164999470166364,-0.137907337743178,-0.110815205319991,-0.104102059155186,-0.0962770674124347,-0.0864314410215695,-0.0718387395692637,-0.0591817473270158,-0.0344443739679909
33,-0.01507638,-0.230880005795315,-0.206142683382785,-0.193485717207548,-0.178893045808836,-0.169047439694988,-0.161222464067767,-0.154509331728653,-0.127417255101574,-0.100325178474496,-0.0936120461353818,-0.0857870705081609,-0.075941464394313,-0.0613487929956014,-0.0486918268203643,-0.0239545044078337,-0.230880005795315,-0.206142683382785,-0.193485717207548,-0.178893045808836,-0.169047439694988,-0.161222464067767,-0.154509331728653,-0.127417255101574,-0.100325178474496,-0.0936120461353818,-0.0857870705081609,-0.075941464394313,-0.0613487929956014,-0.0486918268203643,-0.0239545044078337
34,-0.0862790400000009,-0.223662118971892,-0.198924832780312,-0.186267885137693,-0.171675235105903,-0.161829643408216,-0.154004679238503,-0.14729155672891,-0.120199519770667,-0.093107482812424,-0.086394360302831,-0.0785693961331175,-0.0687238044354303,-0.0541311544036404,-0.0414742067610214,-0.0167369205694415,-0.223662118971892,-0.198924832780312,-0.186267885137693,-0.171675235105903,-0.161829643408216,-0.154004679238503,-0.14729155672891,-0.120199519770667,-0.093107482812424,-0.086394360302831,-0.0785693961331175,-0.0687238044354303,-0.0541311544036404,-0.0414742067610214,-0.0167369205694415
35,-0.190462159999999,-0.217432336542808,-0.192695076097592,-0.18003814162822,-0.165445506784341,-0.155599925333864,-0.147774969308309,-0.141061853785679,-0.113969845024606,-0.0868778362635324,-0.0801647207409022,-0.0723397647153472,-0.0624941832648709,-0.0479015484209913,-0.0352446139516194,-0.0105073535064038,-0.217432336542808,-0.192695076097592,-0.18003814162822,-0.165445506784341,-0.155599925333864,-0.147774969308309,-0.141061853785679,-0.113969845024606,-0.0868778362635324,-0.0801647207409022,-0.0723397647153472,-0.0624941832648709,-0.0479015484209913,-0.0352446139516194,-0.0105073535064038
36,0.111447139999999,-0.208974461096545,-0.184237218944759,-0.171580293835306,-0.156987669782813,-0.147142095613234,-0.139317145374306,-0.132604034816085,-0.1055120460898,-0.0784200573635142,-0.0717069468052941,-0.0638819965663655,-0.0540364223967866,-0.0394437983442936,-0.0267868732348403,-0.00204963108305453,-0.208974461096545,-0.184237218944759,-0.171580293835306,-0.156987669782813,-0.147142095613234,-0.139317145374306,-0.132604034816085,-0.1055120460898,-0.0784200573635142,-0.0717069468052941,-0.0638819965663655,-0.0540364223967866,-0.0394437983442936,-0.0267868732348403,-0.00204963108305453
37,-0.121166949999999,-0.206836353958624,-0.182099124794299,-0.16944220632994,-0.154849589938815,-0.145004020938325,-0.137179074807624,-0.130465967773898,-0.103373993271353,-0.0762820187688087,-0.0695689117350824,-0.0617439656043817,-0.0518983966038917,-0.037305780212767,-0.0246488617484082,8.8367415917473e-05,-0.206836353958624,-0.182099124794299,-0.16944220632994,-0.154849589938815,-0.145004020938325,-0.137179074807624,-0.130465967773898,-0.103373993271353,-0.0762820187688087,-0.0695689117350824,-0.0617439656043817,-0.0518983966038917,-0.037305780212767,-0.0246488617484082,8.8367415917473e-05
38,-0.190941740000001,-0.204179976358916,-0.179442756400326,-0.166785842646125,-0.15219323168551,-0.142347666348959,-0.134522723130241,-0.127809618594737,-0.100717654174225,-0.0736256897537129,-0.0669125852182085,-0.0590876419994906,-0.0492420766629398,-0.0346494657023251,-0.0219925519481237,0.00274466801046626,-0.204179976358916,-0.179442756400326,-0.166785842646125,-0.15219323168551,-0.142347666348959,-0.134522723130241,-0.127809618594737,-0.100717654174225,-0.0736256897537129,-0.0669125852182085,-0.0590876419994906,-0.0492420766629398,-0.0346494657023251,-0.0219925519481237,0.00274466801046626
39,-0.07026252,-0.198895496787376,-0.17415828333321,-0.161501372907028,-0.146908765783405,-0.137063203035655,-0.129238261874434,-0.122525159104079,-0.0954332018071489,-0.0683412445102193,-0.0616281417398639,-0.0538032005786426,-0.0439576378308925,-0.0293650307072703,-0.0167081202810877,0.00802909317307832,-0.198895496787376,-0.17415828333321,-0.161501372907028,-0.146908765783405,-0.137063203035655,-0.129238261874434,-0.122525159104079,-0.0954332018071489,-0.0683412445102193,-0.0616281417398639,-0.0538032005786426,-0.0439576378308925,-0.0293650307072703,-0.0167081202810877,0.00802909317307832
40,-0.0585725699999991,-0.19434421538083,-0.169607006493155,-0.15695009840344,-0.142357493973614,-0.132511933043356,-0.124686993326619,-0.117973891795503,-0.090881939499751,-0.063789987203999,-0.0570768856728829,-0.0492519459561465,-0.0394063850258881,-0.0248137805960624,-0.0121568725063466,0.0125803363813277,-0.19434421538083,-0.169607006493155,-0.15695009840344,-0.142357493973614,-0.132511933043356,-0.124686993326619,-0.117973891795503,-0.090881939499751,-0.063789987203999,-0.0570768856728829,-0.0492519459561465,-0.0394063850258881,-0.0248137805960624,-0.0121568725063466,0.0125803363813277
41,-0.10947844,-0.19073407082264,-0.165996865099463,-0.153339958628877,-0.138747356065805,-0.128901796395036,-0.121076857679302,-0.114363757006957,-0.0872718081769318,-0.060179859346907,-0.0534667586745618,-0.0456418199588276,-0.0357962602880587,-0.0212036577249861,-0.00854675125440024,0.0161904544687765,-0.19073407082264,-0.165996865099463,-0.153339958628877,-0.138747356065805,-0.128901796395036,-0.121076857679302,-0.114363757006957,-0.0872718081769318,-0.060179859346907,-0.0534667586745618,-0.0456418199588276,-0.0357962602880587,-0.0212036577249861,-0.00854675125440024,0.0161904544687765
42,-0.1429635,-0.186477079534599,-0.161739875945321,-0.149082970566555,-0.13449036926228,-0.124644810440816,-0.116819872400083,-0.110106772306828,-0.083014825813829,-0.05592287932083,-0.0492097792275753,-0.0413848411868418,-0.0315392823653779,-0.0169466810611033,-0.00428977568233686,0.0204474279069406,-0.186477079534599,-0.161739875945321,-0.149082970566555,-0.13449036926228,-0.124644810440816,-0.116819872400083,-0.110106772306828,-0.083014825813829,-0.05592287932083,-0.0492097792275753,-0.0413848411868418,-0.0315392823653779,-0.0169466810611033,-0.00428977568233686,0.0204474279069406
43,-0.104076359999999,-0.180473862609536,-0.155736660374,-0.143079755687883,-0.128487155182187,-0.118641596899521,-0.110816659287007,-0.104103559561127,-0.0770116145507332,-0.0499196695403398,-0.0432065698144591,-0.035381632201945,-0.0255360739192788,-0.0109434734135837,0.00171343127253418,0.0264506335080693,-0.180473862609536,-0.155736660374,-0.143079755687883,-0.128487155182187,-0.118641596899521,-0.110816659287007,-0.104103559561127,-0.0770116145507332,-0.0499196695403398,-0.0432065698144591,-0.035381632201945,-0.0255360739192788,-0.0109434734135837,0.00171343127253418,0.0264506335080693
44,-0.0108532300000004,-0.173682286549904,-0.148945085046834,-0.136288180735485,-0.121695580661875,-0.111850022670734,-0.104025085289915,-0.0973119857628087,-0.070220041554604,-0.0431280973463993,-0.0364149978192927,-0.0285900604384739,-0.0187445024473333,-0.00415190237372304,0.0085050019376256,0.0332422034406956,-0.173682286549904,-0.148945085046834,-0.136288180735485,-0.121695580661875,-0.111850022670734,-0.104025085289915,-0.0973119857628087,-0.070220041554604,-0.0431280973463993,-0.0364149978192927,-0.0285900604384739,-0.0187445024473333,-0.00415190237372304,0.0085050019376256,0.0332422034406956
45,0.10632895,-0.168619992708182,-0.143882791402265,-0.13122588719179,-0.116633287234481,-0.106787729321808,-0.0989627920033532,-0.0922496925297491,-0.065157748537464,-0.0380658045451788,-0.0313527050715747,-0.0235277677531197,-0.013682209840447,0.000910390116861989,0.0135672943273366,0.0383044956332542,-0.168619992708182,-0.143882791402265,-0.13122588719179,-0.116633287234481,-0.106787729321808,-0.0989627920033532,-0.0922496925297491,-0.065157748537464,-0.0380658045451788,-0.0313527050715747,-0.0235277677531197,-0.013682209840447,0.000910390116861989,0.0135672943273366,0.0383044956332542
46,0.0158091999999996,-0.168552891194473,-0.143815689573534,-0.131158785201877,-0.116566185058735,-0.106720627020682,-0.0988956896025785,-0.0921825900434848,-0.065090645706191,-0.0379987013688971,-0.0312856018098035,-0.0234606643917,-0.0136151063536467,0.000977493789495174,0.0136343981611521,0.0383715997820913,-0.168552891194473,-0.143815689573534,-0.131158785201877,-0.116566185058735,-0.106720627020682,-0.0988956896025785,-0.0921825900434848,-0.065090645706191,-0.0379987013688971,-0.0312856018098035,-0.0234606643917,-0.0136151063536467,0.000977493789495174,0.0136343981611521,0.0383715997820913
47,-0.228495949999999,-0.170842301950365,-0.146105099465258,-0.133448194651446,-0.118855593998527,-0.109010035616529,-0.10118509792507,-0.0944719981314614,-0.0673800528477392,-0.0402881075640171,-0.0335750077704084,-0.0257500700789491,-0.0159045116969517,-0.0013119110440328,0.0113449937697797,0.0360821962548867,-0.170842301950365,-0.146105099465258,-0.133448194651446,-0.118855593998527,-0.109010035616529,-0.10118509792507,-0.0944719981314614,-0.0673800528477392,-0.0402881075640171,-0.0335750077704084,-0.0257500700789491,-0.0159045116969517,-0.0013119110440328,0.0113449937697797,0.0360821962548867
48,0.11427065,-0.168438613541741,-0.143701409541898,-0.131044503953064,-0.116451902406595,-0.106606343421723,-0.0987814052511189,-0.0920683050464463,-0.0649763581038003,-0.0378844111611543,-0.0311713109564817,-0.0233463727858772,-0.0135008138010057,0.00109178774546338,0.0137486933342974,0.0384858973341401,-0.168438613541741,-0.143701409541898,-0.131044503953064,-0.116451902406595,-0.106606343421723,-0.0987814052511189,-0.0920683050464463,-0.0649763581038003,-0.0378844111611543,-0.0311713109564817,-0.0233463727858772,-0.0135008138010057,0.00109178774546338,0.0137486933342974,0.0384858973341401
49,-0.0124294200000001,-0.171256166765726,-0.146518960422805,-0.133862053635125,-0.119269450706462,-0.109423890789031,-0.101598951877258,-0.0948858510367288,-0.0677939015279665,-0.0407019520192042,-0.033988851178675,-0.0261639122669018,-0.016318352349471,-0.00172574942080843,0.0109311573668723,0.0356683637097929,-0.171256166765726,-0.146518960422805,-0.133862053635125,-0.119269450706462,-0.109423890789031,-0.101598951877258,-0.0948858510367288,-0.0677939015279665,-0.0407019520192042,-0.033988851178675,-0.0261639122669018,-0.016318352349471,-0.00172574942080843,0.0109311573668723,0.0356683637097929
50,-0.0938699100000004,-0.175686421782227,-0.150949211992895,-0.138292303441842,-0.123699698480124,-0.113854137191,-0.106029197189049,-0.0993160954132443,-0.0722241421300056,-0.0451321888467669,-0.038419087070962,-0.0305941470690108,-0.0207485857798871,-0.00615598081816904,0.00650092773288412,0.0312381375222161,-0.175686421782227,-0.150949211992895,-0.138292303441842,-0.123699698480124,-0.113854137191,-0.106029197189049,-0.0993160954132443,-0.0722241421300056,-0.0451321888467669,-0.038419087070962,-0.0305941470690108,-0.0207485857798871,-0.00615598081816904,0.00650092773288412,0.0312381375222161
51,-0.0569830400000004,-0.17948616932093,-0.154748954577371,-0.142092043491465,-0.127499435607223,-0.117653872346287,-0.109828930777201,-0.103115827656935,-0.0760238689478743,-0.048931910238814,-0.0422188071185475,-0.034393865549462,-0.0245483022885256,-0.00995569440428404,0.0027012166816224,0.0274384314251813,-0.17948616932093,-0.154748954577371,-0.142092043491465,-0.127499435607223,-0.117653872346287,-0.109828930777201,-0.103115827656935,-0.0760238689478743,-0.048931910238814,-0.0422188071185475,-0.034393865549462,-0.0245483022885256,-0.00995569440428404,0.0027012166816224,0.0274384314251813
52,-0.0284253099999994,-0.18384056081274,-0.159103339025695,-0.146446424335956,-0.131853812296726,-0.122008246232439,-0.114183302435339,-0.107470197403635,-0.080378230980616,-0.0532862645575975,-0.046573159525893,-0.0387482157287932,-0.0289026496645059,-0.0143100376252762,-0.00165312293553714,0.0230840988515082,-0.18384056081274,-0.159103339025695,-0.146446424335956,-0.131853812296726,-0.122008246232439,-0.114183302435339,-0.107470197403635,-0.080378230980616,-0.0532862645575975,-0.046573159525893,-0.0387482157287932,-0.0289026496645059,-0.0143100376252762,-0.00165312293553714,0.0230840988515082
53,-0.17474762,-0.189708287243139,-0.164971055496702,-0.152314135711194,-0.13772151779687,-0.127875947768683,-0.120051000821203,-0.113337893086752,-0.0862459157563039,-0.0591539384258563,-0.0524408306914053,-0.0446158837439244,-0.0347703137157383,-0.0201776958014134,-0.00752077601590549,0.0172164557305311,-0.189708287243139,-0.164971055496702,-0.152314135711194,-0.13772151779687,-0.127875947768683,-0.120051000821203,-0.113337893086752,-0.0862459157563039,-0.0591539384258563,-0.0524408306914053,-0.0446158837439244,-0.0347703137157383,-0.0201776958014134,-0.00752077601590549,0.0172164557305311
54,-0.0660696300000012,-0.19299808828049,-0.168260842489894,-0.155603915518626,-0.14101128931958,-0.131165713701732,-0.123340762311766,-0.116627650766057,-0.0895356580545813,-0.0624436653431055,-0.0557305537973971,-0.0479056024074302,-0.0380600267895824,-0.0234674005905367,-0.010810473619269,0.0139267721713273,-0.19299808828049,-0.168260842489894,-0.155603915518626,-0.14101128931958,-0.131165713701732,-0.123340762311766,-0.116627650766057,-0.0895356580545813,-0.0624436653431055,-0.0557305537973971,-0.0479056024074302,-0.0380600267895824,-0.0234674005905367,-0.010810473619269,0.0139267721713273
55,0.0866579000000005,-0.196971448952332,-0.172234183384546,-0.159577246294187,-0.144984608428477,-0.135139024939186,-0.127314067293245,-0.120600950380469,-0.0935089360092053,-0.0664169216379418,-0.0597038047251652,-0.0518788470792249,-0.042033263589934,-0.027440625724224,-0.0147836886338648,0.00995357693392172,-0.196971448952332,-0.172234183384546,-0.159577246294187,-0.144984608428477,-0.135139024939186,-0.127314067293245,-0.120600950380469,-0.0935089360092053,-0.0664169216379418,-0.0597038047251652,-0.0518788470792249,-0.042033263589934,-0.027440625724224,-0.0147836886338648,0.00995357693392172
56,-0.28017854,-0.206192874899421,-0.181455581500312,-0.168798630169928,-0.15420597588638,-0.144360381320052,-0.136535414870434,-0.129822290404886,-0.102730245553027,-0.0756382007011688,-0.0689250762356206,-0.0611001097860025,-0.0512545152196746,-0.0366618609361272,-0.0240049096057426,0.000732383793365959,-0.206192874899421,-0.181455581500312,-0.168798630169928,-0.15420597588638,-0.144360381320052,-0.136535414870434,-0.129822290404886,-0.102730245553027,-0.0756382007011688,-0.0689250762356206,-0.0611001097860025,-0.0512545152196746,-0.0366618609361272,-0.0240049096057426,0.000732383793365959
57,-0.18600655,-0.210245504274926,-0.185508171724018,-0.172851200361434,-0.158258522982042,-0.148412912833058,-0.140587933998839,-0.133874798908406,-0.106782711177875,-0.0796906234473446,-0.0729774883569114,-0.0651525095226921,-0.0553068993737081,-0.0407142219943169,-0.0280572506317322,-0.00331991808082485,-0.210245504274926,-0.185508171724018,-0.172851200361434,-0.158258522982042,-0.148412912833058,-0.140587933998839,-0.133874798908406,-0.106782711177875,-0.0796906234473446,-0.0729774883569114,-0.0651525095226921,-0.0553068993737081,-0.0407142219943169,-0.0280572506317322,-0.00331991808082485
58,0.0980104300000004,-0.211990510199414,-0.187253122581309,-0.174596123043337,-0.160003413179528,-0.150157781113461,-0.14233278486024,-0.135619634825854,-0.108527486786261,-0.0814353387466675,-0.0747221887122813,-0.0668971924590598,-0.0570515603929935,-0.0424588505291846,-0.0298018509912122,-0.00506446337310772,-0.211990510199414,-0.187253122581309,-0.174596123043337,-0.160003413179528,-0.150157781113461,-0.14233278486024,-0.135619634825854,-0.108527486786261,-0.0814353387466675,-0.0747221887122813,-0.0668971924590598,-0.0570515603929935,-0.0424588505291846,-0.0298018509912122,-0.00506446337310772
59,-0.276268200000001,-0.219751797468957,-0.195014332405516,-0.182357293242276,-0.167764537693072,-0.157918874803287,-0.15009385405235,-0.143380683001106,-0.116288450144128,-0.0891962172871497,-0.0824830462359054,-0.074658025484969,-0.0648123625951834,-0.0502196070459793,-0.0375625678827397,-0.0128251028192985,-0.219751797468957,-0.195014332405516,-0.182357293242276,-0.167764537693072,-0.157918874803287,-0.15009385405235,-0.143380683001106,-0.116288450144128,-0.0891962172871497,-0.0824830462359054,-0.074658025484969,-0.0648123625951834,-0.0502196070459793,-0.0375625678827397,-0.0128251028192985
60,-0.275689399999999,-0.222853208993657,-0.198115635017753,-0.185458540128945,-0.170865720331729,-0.161020014094115,-0.153194958891699,-0.146481758284152,-0.119389406147297,-0.0922970540104409,-0.0855838534028945,-0.0777587982004781,-0.067913091962864,-0.0533202721656482,-0.04066317727684,-0.015925603300936,-0.222853208993657,-0.198115635017753,-0.185458540128945,-0.170865720331729,-0.161020014094115,-0.153194958891699,-0.146481758284152,-0.119389406147297,-0.0922970540104409,-0.0855838534028945,-0.0777587982004781,-0.067913091962864,-0.0533202721656482,-0.04066317727684,-0.015925603300936
61,-0.275082970000002,-0.221401984861546,-0.196664257724234,-0.184007084469679,-0.169414174321775,-0.159568407124981,-0.151743303474141,-0.145030061302161,-0.11793754142441,-0.0908450215466602,-0.08413177937468,-0.0763066757238398,-0.0664609085270456,-0.0518679983791421,-0.0392108251245867,-0.014473097987275,-0.221401984861546,-0.196664257724234,-0.184007084469679,-0.169414174321775,-0.159568407124981,-0.151743303474141,-0.145030061302161,-0.11793754142441,-0.0908450215466602,-0.08413177937468,-0.0763066757238398,-0.0664609085270456,-0.0518679983791421,-0.0392108251245867,-0.014473097987275
62,-0.27444717,-0.215373573808273,-0.190635631286091,-0.177978347828864,-0.163385310624338,-0.153539457703043,-0.145714285921088,-0.139000985298678,-0.111908229533497,-0.0848154737683165,-0.078102173145906,-0.0702770013639506,-0.0604311484426563,-0.0458381112381301,-0.0331808277809029,-0.00844288525872078,-0.215373573808273,-0.190635631286091,-0.177978347828864,-0.163385310624338,-0.153539457703043,-0.145714285921088,-0.139000985298678,-0.111908229533497,-0.0848154737683165,-0.078102173145906,-0.0702770013639506,-0.0604311484426563,-0.0458381112381301,-0.0331808277809029,-0.00844288525872078
63,0.1087927,-0.204610975385085,-0.179872729978298,-0.167215291548752,-0.152622075671068,-0.142776102199843,-0.134950834608623,-0.128237451790395,-0.10114436430892,-0.0740512768274447,-0.0673378940092167,-0.0595126264179973,-0.0496666529467716,-0.0350734370690875,-0.0224159986395421,0.00232224676724525,-0.204610975385085,-0.179872729978298,-0.167215291548752,-0.152622075671068,-0.142776102199843,-0.134950834608623,-0.128237451790395,-0.10114436430892,-0.0740512768274447,-0.0673378940092167,-0.0595126264179973,-0.0496666529467716,-0.0350734370690875,-0.0224159986395421,0.00232224676724525
64,0,-0.199964092193707,-0.175225420859027,-0.162567764501492,-0.147974297366793,-0.138128154373653,-0.130302752051789,-0.123589253646665,-0.0964956996930745,-0.0694021457394839,-0.0626886473343599,-0.0548632450124965,-0.0450171020193557,-0.0304236348846569,-0.0177659785271221,0.00697269280755816,-0.199964092193707,-0.175225420859027,-0.162567764501492,-0.147974297366793,-0.138128154373653,-0.130302752051789,-0.123589253646665,-0.0964956996930745,-0.0694021457394839,-0.0626886473343599,-0.0548632450124965,-0.0450171020193557,-0.0304236348846569,-0.0177659785271221,0.00697269280755816
65,-0.272015289999999,-0.198128730099481,-0.173389459813214,-0.160731496999311,-0.146137676540047,-0.136291295160499,-0.128465703376676,-0.121752042430061,-0.0946578325104767,-0.0675636225908919,-0.060849961644277,-0.0530243698604543,-0.0431779884809067,-0.0285841680216424,-0.0159262052077398,0.00881306507852739,-0.198128730099481,-0.173389459813214,-0.160731496999311,-0.146137676540047,-0.136291295160499,-0.128465703376676,-0.121752042430061,-0.0946578325104767,-0.0675636225908919,-0.060849961644277,-0.0530243698604543,-0.0431779884809067,-0.0285841680216424,-0.0159262052077398,0.00881306507852739
66,-0.271261790000001,-0.19112818765564,-0.1663880751148,-0.153729681357424,-0.139135364047935,-0.129288647445899,-0.121462789237869,-0.114748899723008,-0.0876537673743481,-0.0605586350256885,-0.053844745510827,-0.0460188873027974,-0.0361721707007615,-0.0215778533912719,-0.00891945963389605,0.015820652906944,-0.19112818765564,-0.1663880751148,-0.153729681357424,-0.139135364047935,-0.129288647445899,-0.121462789237869,-0.114748899723008,-0.0876537673743481,-0.0605586350256885,-0.053844745510827,-0.0460188873027974,-0.0361721707007615,-0.0215778533912719,-0.00891945963389605,0.015820652906944
67,0,-0.17878080712701,-0.154039510209805,-0.141380510460748,-0.12678549448166,-0.116938306490563,-0.109112073637451,-0.102397862710468,-0.07530143324425,-0.0482050037780322,-0.0414907928510491,-0.0336645599979372,-0.0238173720068403,-0.0092223560277524,0.00343664372130449,0.0281779406385098,-0.17878080712701,-0.154039510209805,-0.141380510460748,-0.12678549448166,-0.116938306490563,-0.109112073637451,-0.102397862710468,-0.07530143324425,-0.0482050037780322,-0.0414907928510491,-0.0336645599979372,-0.0238173720068403,-0.0092223560277524,0.00343664372130449,0.0281779406385098
68,0,-0.168628873935483,-0.143885911579089,-0.131226059700318,-0.116630061270243,-0.10678221042413,-0.0989554507548638,-0.0922407878665288,-0.0651425344273942,-0.0380442809882595,-0.0313296180999246,-0.0235028584306584,-0.013655007584545,0.000940990845529732,0.0136008427243009,0.0383438050806949,-0.168628873935483,-0.143885911579089,-0.131226059700318,-0.116630061270243,-0.10678221042413,-0.0989554507548638,-0.0922407878665288,-0.0651425344273942,-0.0380442809882595,-0.0313296180999246,-0.0235028584306584,-0.013655007584545,0.000940990845529732,0.0136008427243009,0.0383438050806949
69,-0.15175704,-0.160377289235596,-0.135631985036998,-0.12297093494376,-0.108373555049145,-0.0985247721354638,-0.0906972716884423,-0.0839819732787534,-0.056881155076651,-0.0297803368745485,-0.0230650384648596,-0.0152375380178381,-0.00538875510415729,0.00920862479045847,0.0218696748836956,0.0466149790822939,-0.160377289235596,-0.135631985036998,-0.12297093494376,-0.108373555049145,-0.0985247721354638,-0.0906972716884423,-0.0839819732787534,-0.056881155076651,-0.0297803368745485,-0.0230650384648596,-0.0152375380178381,-0.00538875510415729,0.00920862479045847,0.0218696748836956,0.0466149790822939
70,0,-0.149366067808876,-0.124617470758527,-0.111954735862362,-0.0973554134978713,-0.087505320008988,-0.0796767779583415,-0.0729605859454885,-0.0458561614439462,-0.0187517369424039,-0.0120355449295509,-0.00420700287890442,0.00564309060997893,0.0202424129744694,0.0329051478706347,0.0576537449209839,-0.149366067808876,-0.124617470758527,-0.111954735862362,-0.0973554134978713,-0.087505320008988,-0.0796767779583415,-0.0729605859454885,-0.0458561614439462,-0.0187517369424039,-0.0120355449295509,-0.00420700287890442,0.00564309060997893,0.0202424129744694,0.0329051478706347,0.0576537449209839
71,0.12308228,-0.139696170170464,-0.114942943273004,-0.102277839494011,-0.0876757859593328,-0.07782384976289,-0.0699938431866902,-0.0632763947413163,-0.0361668996759277,-0.0090574046105392,-0.00233995616516529,0.00549005041103449,0.0153419866074774,0.0299440401421558,0.0426091439211489,0.0673623708186081,-0.139696170170464,-0.114942943273004,-0.102277839494011,-0.0876757859593328,-0.07782384976289,-0.0699938431866902,-0.0632763947413163,-0.0361668996759277,-0.0090574046105392,-0.00233995616516529,0.00549005041103449,0.0153419866074774,0.0299440401421558,0.0426091439211489,0.0673623708186081
72,0,-0.134672859945283,-0.109913123768426,-0.0972446894863249,-0.0826387960948618,-0.072784269165276,-0.0649522035565022,-0.0582329886445195,-0.0311163646791917,-0.00399974071386389,0.00271947419811882,0.0105515398068926,0.0204060667364784,0.0350119601279416,0.0476803944100422,0.0724401305868997,-0.134672859945283,-0.109913123768426,-0.0972446894863249,-0.0826387960948618,-0.072784269165276,-0.0649522035565022,-0.0582329886445195,-0.0311163646791917,-0.00399974071386389,0.00271947419811882,0.0105515398068926,0.0204060667364784,0.0350119601279416,0.0476803944100422,0.0724401305868997
73,0,-0.13056697807173,-0.105798091084584,-0.0931249747477981,-0.0785136832471401,-0.0686555142389082,-0.0608205540214826,-0.0540988557930175,-0.0269722099486277,0.000154435895762032,0.0068761341242271,0.0147110943416527,0.0245692633498847,0.0391805548505427,0.0518536711873284,0.0766225581744744,-0.13056697807173,-0.105798091084584,-0.0931249747477981,-0.0785136832471401,-0.0686555142389082,-0.0608205540214826,-0.0540988557930175,-0.0269722099486277,0.000154435895762032,0.0068761341242271,0.0147110943416527,0.0245692633498847,0.0391805548505427,0.0518536711873284,0.0766225581744744
74,0.145468599999999,-0.127262287105159,-0.102480537465309,-0.089800839892386,-0.0751819606479498,-0.0653186722250136,-0.0574796432590699,-0.0507544544066644,-0.0236137215092432,0.00352701138817806,0.0102522002405835,0.0180912292065273,0.0279545176294635,0.0425733968738996,0.0552530944468225,0.0800348440866724,-0.127262287105159,-0.102480537465309,-0.089800839892386,-0.0751819606479498,-0.0653186722250136,-0.0574796432590699,-0.0507544544066644,-0.0236137215092432,0.00352701138817806,0.0102522002405835,0.0180912292065273,0.0279545176294635,0.0425733968738996,0.0552530944468225,0.0800348440866724
75,-0.11679384,-0.12890455813456,-0.104104731616651,-0.0914157849249128,-0.0767862420388326,-0.0669157589075049,-0.0590710118154085,-0.0523409173199157,-0.0251803868002051,0.00198014371950551,0.00871023821499831,0.0165549853070947,0.0264254684384224,0.0410550113245027,0.0537439580162404,0.0785437845341501,-0.12890455813456,-0.104104731616651,-0.0914157849249128,-0.0767862420388326,-0.0669157589075049,-0.0590710118154085,-0.0523409173199157,-0.0251803868002051,0.00198014371950551,0.00871023821499831,0.0165549853070947,0.0264254684384224,0.0410550113245027,0.0537439580162404,0.0785437845341501
76,-0.11237567,-0.12790886742159,-0.103083642480145,-0.0903817005667651,-0.0757371750223958,-0.0658565831626508,-0.0580038019736616,-0.0512668149384043,-0.0240784683105012,0.00310987831740192,0.00984686535265923,0.0176996465416485,0.0275802384013935,0.0422247639457627,0.0549267058591428,0.0797519308005876,-0.12790886742159,-0.103083642480145,-0.0903817005667651,-0.0757371750223958,-0.0658565831626508,-0.0580038019736616,-0.0512668149384043,-0.0240784683105012,0.00310987831740192,0.00984686535265923,0.0176996465416485,0.0275802384013935,0.0422247639457627,0.0549267058591428,0.0797519308005876
77,0.16698134,-0.124384163047635,-0.0995232653555291,-0.0868030713132016,-0.0721375022330932,-0.0622427123996894,-0.0543786471113211,-0.0476319793235518,-0.0204045642436036,0.00682285083634453,0.0135695186241138,0.0214335839124822,0.031328373745886,0.0459939428259944,0.0587141368683219,0.0835750345604274,-0.124384163047635,-0.0995232653555291,-0.0868030713132016,-0.0721375022330932,-0.0622427123996894,-0.0543786471113211,-0.0476319793235518,-0.0204045642436036,0.00682285083634453,0.0135695186241138,0.0214335839124822,0.031328373745886,0.0459939428259944,0.0587141368683219,0.0835750345604274
78,0,-0.126378024157703,-0.101467047922379,-0.0887212309602759,-0.0740261202946582,-0.0641113988937603,-0.0562314926273912,-0.0494712346910046,-0.022188974074113,0.00509328654277868,0.0118535444791652,0.0197334507455343,0.0296481721464322,0.0443432828120499,0.0570890997741526,0.0820000760094769,-0.126378024157703,-0.101467047922379,-0.0887212309602759,-0.0740261202946582,-0.0641113988937603,-0.0562314926273912,-0.0494712346910046,-0.022188974074113,0.00509328654277868,0.0118535444791652,0.0197334507455343,0.0296481721464322,0.0443432828120499,0.0570890997741526,0.0820000760094769
79,0,-0.129102602131131,-0.10412137256041,-0.0913396101521922,-0.07660305668929,-0.0666603740298143,-0.0587582450415176,-0.0519789219884658,-0.0246197205970583,0.0027394807943492,0.00951880384740099,0.0174209328356978,0.0273636154951734,0.0421001689580756,0.0548819313662933,0.0798631609370141,-0.129102602131131,-0.10412137256041,-0.0913396101521922,-0.07660305668929,-0.0666603740298143,-0.0587582450415176,-0.0519789219884658,-0.0246197205970583,0.0027394807943492,0.00951880384740099,0.0174209328356978,0.0273636154951734,0.0421001689580756,0.0548819313662933,0.0798631609370141
80,-0.27484795,-0.132662299191971,-0.107582608495261,-0.0947504679935517,-0.0799558318152629,-0.0699739610234643,-0.0620406865498862,-0.0552346434437097,-0.0277676083779208,-0.000300573312131871,0.00650546979404466,0.0144387442676227,0.0244206150594214,0.0392152512377102,0.0520473917394194,0.0771270824361299,-0.132662299191971,-0.107582608495261,-0.0947504679935517,-0.0799558318152629,-0.0699739610234643,-0.0620406865498862,-0.0552346434437097,-0.0277676083779208,-0.000300573312131871,0.00650546979404466,0.0144387442676227,0.0244206150594214,0.0392152512377102,0.0520473917394194,0.0771270824361299
81,0.10786661,-0.129189438114075,-0.103971936425762,-0.0910692842886297,-0.0761933527105377,-0.0661566322984427,-0.0581797650854214,-0.0513363232903737,-0.0237183589573713,0.00389960537563106,0.0107430471706787,0.0187199143837,0.0287566347957951,0.043632566373887,0.0565352185110189,0.0817527201993319,-0.129189438114075,-0.103971936425762,-0.0910692842886297,-0.0761933527105377,-0.0661566322984427,-0.0581797650854214,-0.0513363232903737,-0.0237183589573713,0.00389960537563106,0.0107430471706787,0.0187199143837,0.0287566347957951,0.043632566373887,0.0565352185110189,0.0817527201993319
82,0,-0.12977835204255,-0.104368317529846,-0.0913671550767911,-0.076377647413424,-0.0662642977557975,-0.0582265280476244,-0.0513308373345974,-0.0235020129115398,0.00432681151151767,0.0112225022245447,0.0192602719327178,0.0293736215903443,0.0443631292537114,0.057364291706766,0.0827743262194699,-0.12977835204255,-0.104368317529846,-0.0913671550767911,-0.076377647413424,-0.0662642977557975,-0.0582265280476244,-0.0513308373345974,-0.0235020129115398,0.00432681151151767,0.0112225022245447,0.0192602719327178,0.0293736215903443,0.0443631292537114,0.057364291706766,0.0827743262194699
83,0,-0.131368775660369,-0.105690433258089,-0.0925519898242438,-0.0774042059820336,-0.0671840681379595,-0.0590614265644522,-0.0520929233481026,-0.0239702507153309,0.00415242191744076,0.0111209251337903,0.0192435667072976,0.0294637045513717,0.0446114883935819,0.0577499318274266,0.0834282742297066,-0.131368775660369,-0.105690433258089,-0.0925519898242438,-0.0774042059820336,-0.0671840681379595,-0.0590614265644522,-0.0520929233481026,-0.0239702507153309,0.00415242191744076,0.0111209251337903,0.0192435667072976,0.0294637045513717,0.0446114883935819,0.0577499318274266,0.0834282742297066
84,0.16698134,-0.134093762631949,-0.108042785987262,-0.0947136825085175,-0.0793460798451485,-0.0689776312860307,-0.060737117057752,-0.0536674895991889,-0.0251367115425237,0.00339406651414149,0.0104636939727047,0.0187042082009833,0.0290726567601011,0.0444402594234701,0.0577693629022148,0.0838203395469015,-0.134093762631949,-0.108042785987262,-0.0947136825085175,-0.0793460798451485,-0.0689776312860307,-0.060737117057752,-0.0536674895991889,-0.0251367115425237,0.00339406651414149,0.0104636939727047,0.0187042082009833,0.0290726567601011,0.0444402594234701,0.0577693629022148,0.0838203395469015
85,-0.16698134,-0.143011083070293,-0.116444929575608,-0.102852233463192,-0.0871807253746967,-0.0766072332680407,-0.0682037569281913,-0.0609943224883221,-0.0318993277204095,-0.00280433295249682,0.00440510148737241,0.0128085778272217,0.0233820699338777,0.0390535780223726,0.0526462741347889,0.0792124276294744,-0.143011083070293,-0.116444929575608,-0.102852233463192,-0.0871807253746967,-0.0766072332680407,-0.0682037569281913,-0.0609943224883221,-0.0318993277204095,-0.00280433295249682,0.00440510148737241,0.0128085778272217,0.0233820699338777,0.0390535780223726,0.0526462741347889,0.0792124276294744
86,0,-0.148800154931535,-0.121525990680208,-0.107571037568062,-0.091481870359225,-0.0806265856269156,-0.071999149441205,-0.0645975773953496,-0.0347271760837597,-0.00485677477216971,0.00254479727368569,0.0111722334593963,0.0220275181917057,0.0381166854005422,0.0520716385126885,0.0793458027640157,-0.148800154931535,-0.121525990680208,-0.107571037568062,-0.091481870359225,-0.0806265856269156,-0.071999149441205,-0.0645975773953496,-0.0347271760837597,-0.00485677477216971,0.00254479727368569,0.0111722334593963,0.0220275181917057,0.0381166854005422,0.0520716385126885,0.0793458027640157
87,-0.272344309999999,-0.156678252713796,-0.128438461745627,-0.113989441228401,-0.0973306459435065,-0.0860910358525959,-0.0771581500552309,-0.0694945294403251,-0.0385665830731486,-0.00763863670597201,2.49839089337539e-05,0.00895786970629879,0.0201974797972094,0.0368562750821043,0.0513052955993297,0.0795450865674984,-0.156678252713796,-0.128438461745627,-0.113989441228401,-0.0973306459435065,-0.0860910358525959,-0.0771581500552309,-0.0694945294403251,-0.0385665830731486,-0.00763863670597201,2.49839089337539e-05,0.00895786970629879,0.0201974797972094,0.0368562750821043,0.0513052955993297,0.0795450865674984
88,0,-0.159164308045028,-0.129619949171756,-0.11450344041256,-0.0970750739332161,-0.0853162378109583,-0.0759706876236786,-0.0679530377065601,-0.0355963411674414,-0.00323964462832278,0.00477800528879577,0.0141235554760755,0.0258823915983333,0.0433107580776772,0.058427266836873,0.0879716257101452,-0.159164308045028,-0.129619949171756,-0.11450344041256,-0.0970750739332161,-0.0853162378109583,-0.0759706876236786,-0.0679530377065601,-0.0355963411674414,-0.00323964462832278,0.00477800528879577,0.0141235554760755,0.0258823915983333,0.0433107580776772,0.058427266836873,0.0879716257101452
89,0,-0.164519525308745,-0.133232510039043,-0.1172243630218,-0.0987679947349089,-0.0863155706735484,-0.0764187787794551,-0.0679282125613828,-0.0336629755650793,0.000602261431224077,0.00909282764929643,0.0189896195433897,0.0314420436047502,0.0498984118916412,0.0659065589088846,0.0971935741785864,-0.164519525308745,-0.133232510039043,-0.1172243630218,-0.0987679947349089,-0.0863155706735484,-0.0764187787794551,-0.0679282125613828,-0.0336629755650793,0.000602261431224077,0.00909282764929643,0.0189896195433897,0.0314420436047502,0.0498984118916412,0.0659065589088846,0.0971935741785864
90,0,-0.173177913593116,-0.139592919534335,-0.12240900097158,-0.102597043393697,-0.0892300096733785,-0.0786063150160617,-0.0694921309517929,-0.0327101697764164,0.00407179139896022,0.013185975463229,0.0238096701205458,0.037176703840864,0.0569886614187473,0.074172579981502,0.107757574040283,-0.173177913593116,-0.139592919534335,-0.12240900097158,-0.102597043393697,-0.0892300096733785,-0.0786063150160617,-0.0694921309517929,-0.0327101697764164,0.00407179139896022,0.013185975463229,0.0238096701205458,0.037176703840864,0.0569886614187473,0.074172579981502,0.107757574040283
